_id,article_tese_tags,article_is_timeout,article_title,article_comment,article_date,article_channel_id,link_nofollow,article_channel,article_collection,article_id,create_date,is_out,article_price,taobao_url,top_category,article_category,article_unworthy,article_referrals,article_mall_url,is_black_five,timesort,article_is_sold_out,article_url,article_link_list,article_author,article_link,article_worthy,article_item_title_mode,article_mall,article_link_domain,article_channel_url,article_date_full,real_price,action
6029672,?,0,每日更新：MYHABIT 多个女士美鞋专场,3,02-26 22:58,3,rel=”nofollow”,海淘,4,6029672,2016-02-27 00:23:32,false,可重点关注,?,服饰鞋包,?,1,?,http://www.smzdm.com/mall/myhabit/haitao/,0,145649870055,0,http://www.smzdm.com/p/6029672/,?,587,http://www.smzdm.com/gourl/FA6F1FD559E4D4F9/AA_HT_57,4,0,MYHABIT,myhabit.com,http://haitao.smzdm.com/,2016-02-26 22:58:00,0,dislike
6029305,?,0,海淘活动：苏宁易购海外购 闺蜜节,48,02-26 16:19,3,rel=”nofollow”,海淘,35,6029305,2016-02-27 00:23:37,false,SK-II 神仙水330ML低至897元,?,个护化妆,?,45,?,http://www.smzdm.com/mall/suning_g/haitao/,0,145647479809,0,http://www.smzdm.com/p/6029305/,?,419,http://www.smzdm.com/gourl/47AFAB4BE854E082/AA_HT_113,18,0,苏宁易购海外购,suning.com,http://haitao.smzdm.com/,2016-02-26 16:19:00,330,dislike
6029313,?,0,凑单品：Conair Professional Full and Mid Size Nylon Cushion 专业护发梳套装,48,02-26 16:17,3,rel=”nofollow”,海淘,104,6029313,2016-02-27 00:23:37,false,$2.17，可直邮,?,个护化妆,?,7,anyone-y,http://www.smzdm.com/mall/amazon/haitao/,0,145647464308,0,http://www.smzdm.com/p/6029313/,?,341,http://www.smzdm.com/gourl/CB3A65987001933A/AA_HT_113,16,0,美国亚马逊,amazon.com,http://haitao.smzdm.com/,2016-02-26 16:17:00,2.17,dislike
6029302,?,0,JVC 杰伟世 HAEB75B 耳挂式运动耳机,59,02-26 16:15,3,rel=”nofollow”,海淘,116,6029302,2016-02-27 00:23:37,false,$7.8 + $2.79直邮中国（约￥70）,?,电脑数码,?,28,?,http://www.smzdm.com/mall/amazon/haitao/,0,145647453205,0,http://www.smzdm.com/p/6029302/,?,293,http://www.smzdm.com/gourl/589B5E6E43A12016/AA_HT_163,44,0,美国亚马逊,amazon.com,http://haitao.smzdm.com/,2016-02-26 16:15:00,70,dislike
6026870,?,0,ExOfficio Give-N-Go Boxer Brief 男士平角速干内裤,70,02-26 15:37,3,rel=”nofollow”,海淘,42,6026870,2016-02-27 00:23:37,false,￥96.69+￥15.7直邮中国（约￥123）,?,服饰鞋包,?,72,?,http://www.smzdm.com/mall/amazon_b/haitao/,0,145647227199,0,http://www.smzdm.com/p/6026870/,?,305,http://www.smzdm.com/gourl/0F4E67EB8C9851FD/AA_HT_57,22,0,亚马逊海外购,amazon.cn,http://haitao.smzdm.com/,2016-02-26 15:37:00,96.69,dislike
6029208,?,0,Hello Kitty 凯蒂猫 女童套装,19,02-26 15:32,3,rel=”nofollow”,海淘,22,6029208,2016-02-27 00:23:39,false,￥61.68+￥21.68直邮中国（约￥84）,?,服饰鞋包,?,10,笨笨789,http://www.smzdm.com/mall/amazon_b/haitao/,0,145647194197,0,http://www.smzdm.com/p/6029208/,?,305,http://www.smzdm.com/gourl/8E9C856B4CCBCA20/AA_HT_57,20,0,亚马逊海外购,amazon.cn,http://haitao.smzdm.com/,2016-02-26 15:32:00,61.68,dislike
6029159,?,0,BADGLEY MISCHKA Salsa 女士高跟鞋,17,02-26 15:20,3,rel=”nofollow”,海淘,33,6029159,2016-02-27 00:23:39,false,$58.49（需用码，约￥440）,?,服饰鞋包,?,7,Alex_Wu,http://www.smzdm.com/mall/6pm/haitao/,0,145647123393,0,http://www.smzdm.com/p/6029159/,?,475,http://www.smzdm.com/gourl/99F4311B046E5765/AA_HT_57,30,0,6PM,6pm.com,http://haitao.smzdm.com/,2016-02-26 15:20:00,440,dislike
6029059,?,0,Nostalgia Electrics PCM805 复古棉花糖机,71,02-26 14:19,3,?,优惠,186,6029059,2016-02-27 00:23:39,false,299元包邮,?,家用电器,?,118,?,http://www.smzdm.com/mall/100yue/youhui/,0,145646757779,0,http://www.smzdm.com/p/6029059/,?,495,http://www.smzdm.com/gourl/992393A40035B1C6/AA_YH_27,29,0,百悦网,100yue.com,http://www.smzdm.com/youhui/,2016-02-26 14:19:00,299,dislike
6028909,?,0,Schwarzkopf 施华蔻 奢极黑金修护套装+多效修护套包,21,02-26 11:56,3,?,优惠,20,6028909,2016-02-27 00:23:42,false,124.6元包邮（178-53.4）,?,个护化妆,?,25,mr_high,http://www.smzdm.com/mall/jd/youhui/,0,145645896559,0,http://www.smzdm.com/p/6028909/,?,513,http://www.smzdm.com/gourl/946E1FEFFBBAFCA2/AA_YH_113,21,0,京东,jd.com,http://www.smzdm.com/youhui/,2016-02-26 11:56:00,124.6,dislike
6028692,?,0,限地区：EICHBAUM 爱士堡修士黑啤 5L,59,02-26 09:40,3,?,优惠,31,6028692,2016-02-27 00:23:46,false,59元,?,食品保健,?,23,?,http://www.smzdm.com/mall/jd/youhui/,0,145645081732,0,http://www.smzdm.com/p/6028692/,?,23,http://www.smzdm.com/gourl/D3C1072D6A4F9914/AA_YH_95,44,0,京东,jd.com,http://www.smzdm.com/youhui/,2016-02-26 09:40:00,59,dislike
6028652,?,0,再特价：PHILIPS 飞利浦 AVENT 新安怡 SCF300/88 手动吸乳器,50,02-26 08:58,3,?,优惠,50,6028652,2016-02-27 00:23:46,false,149元包邮（199-50）,?,母婴用品,?,21,rbeebee,http://www.smzdm.com/mall/amazon_cn/youhui/,0,145644832624,0,http://www.smzdm.com/p/6028652/,?,521,http://www.smzdm.com/gourl/23C49629CD10A905/AA_YH_75,31,0,亚马逊中国,amazon.cn,http://www.smzdm.com/youhui/,2016-02-26 08:58:00,149,dislike
6028199,?,0,《英雄传说：零之轨迹 碧之轨迹 白金典藏合集》（2DVD）+凑单品,144,02-25 17:52,3,?,优惠,82,6028199,2016-02-27 00:23:53,false,180元包邮（420元，双重优惠）,?,图书音像,?,28,unclefuckca,http://www.smzdm.com/mall/jd/youhui/,0,145639396767,0,http://www.smzdm.com/p/6028199/,?,213,http://www.smzdm.com/gourl/FA22DD8130F0FE98/AA_YH_7,131,0,京东,jd.com,http://www.smzdm.com/youhui/,2016-02-25 17:52:00,180,buy
6026970,?,0,《Rock Band 4（摇滚乐队4）》Mad Catz乐队套装（吉他+架子鼓+麦克风）,49,02-24 19:28,3,rel=”nofollow”,海淘,135,6026970,2016-02-27 00:24:15,false,$199.99+$111.06含税直邮（合￥2100）,?,电脑数码,?,12,?,http://www.smzdm.com/mall/amazon/haitao/,0,145631329010,0,http://www.smzdm.com/p/6026970/,?,135,http://www.smzdm.com/gourl/7958A452C10165EB/AA_HT_163,97,0,美国亚马逊,amazon.com,http://haitao.smzdm.com/,2016-02-24 19:28:00,2100,buy
6026498,?,0,特价机票：北京-洛杉矶+旧金山/纽约 12/14日往返开口程含税机票,39,02-24 18:30,3,?,优惠,72,6026498,2016-02-27 00:24:15,false,2999元,?,其他分类,?,3,?,http://www.smzdm.com/mall/lailaihui/youhui/,0,145630980395,0,http://www.smzdm.com/p/6026498/,?,307,http://www.lailaihui.com/6215_37260?hmsr=SMZDM&hmpl=&hmcu=&hmkw=&hmci=,93,0,来来会,lailaihui.com,http://www.smzdm.com/youhui/,2016-02-24 18:30:00,2999,dislike
6026536,?,0,新低价，39码起：ecco 爱步 Footwear Touch 35 B Fold  女款短靴,25,02-24 15:01,3,rel=”nofollow”,海淘,32,6026536,2016-02-27 00:24:20,false,€49.87+€11.92（约￥450）,?,服饰鞋包,?,6,Vanrese,http://www.smzdm.com/mall/amazon_de/haitao/,0,145629726163,0,http://www.smzdm.com/p/6026536/,?,423,http://www.smzdm.com/gourl/B6E45A125550F40A/AA_DF_57,26,0,德国亚马逊,amazon.de,http://haitao.smzdm.com/,2016-02-24 15:01:00,450,dislike
6026566,?,0,《小狗宾巴》（共24册）,27,02-24 14:59,3,?,优惠,51,6026566,2016-02-27 00:24:20,false,69.6元包邮,?,图书音像,?,9,?,http://www.smzdm.com/mall/dangdang/youhui/,0,145629717561,0,http://www.smzdm.com/p/6026566/,?,213,http://www.smzdm.com/gourl/DFBA88CEA2296646/AA_YH_7,27,0,当当,dangdang.com,http://www.smzdm.com/youhui/,2016-02-24 14:59:00,69.6,dislike
6026052,?,0,移动端：DELL 戴尔 SE2416H 23.8英寸IPS显示器,98,02-24 09:10,3,?,优惠,122,6026052,2016-02-27 00:24:27,false,898元包邮（988-90）,?,电脑数码,?,20,?,http://www.smzdm.com/mall/jd/youhui/,0,145627623703,0,http://www.smzdm.com/p/6026052/,?,293,http://www.smzdm.com/gourl/3E8975A834A6826C/AA_YH_163,138,0,京东,jd.com,http://www.smzdm.com/youhui/,2016-02-24 09:10:00,898,view
6025623,?,0,限地区：CHEESEBERRY 芝士百丽 巧克力蛋糕 520g,115,02-23 18:59,3,?,优惠,209,6025623,2016-02-27 00:24:36,false,69元,?,食品保健,?,44,?,http://www.smzdm.com/mall/jd/youhui/,0,145622519352,0,http://www.smzdm.com/p/6025623/,?,255,http://www.smzdm.com/gourl/E32F7C71375EBF4C/AA_YH_95,81,0,京东,jd.com,http://www.smzdm.com/youhui/,2016-02-23 18:59:00,69,buy
6025615,?,0,限地区：CHEESEBERRY 芝士百丽 芝士蛋糕 1200g,113,02-23 18:53,3,?,优惠,191,6025615,2016-02-27 00:24:36,false,99元包邮,?,食品保健,?,60,?,http://www.smzdm.com/mall/jd/youhui/,0,145622480650,0,http://www.smzdm.com/p/6025615/,?,255,http://www.smzdm.com/gourl/4C163D8927CB4056/AA_YH_95,97,0,京东,jd.com,http://www.smzdm.com/youhui/,2016-02-23 18:53:00,99,buy
6024727,?,0,AmazonBasics 亚马逊倍思 AA型 五号 镍氢充电电池,85,02-23 10:07,3,?,优惠,68,6024727,2016-02-27 00:24:50,false,39元（Z秒杀）,?,电脑数码,?,109,怀念苏宁半价券,http://www.smzdm.com/mall/amazon_cn/youhui/,0,145619326449,0,http://www.smzdm.com/p/6024727/,?,293,http://www.smzdm.com/gourl/3A20C629AE8CCE30/AA_YH_163,31,0,亚马逊中国,amazon.cn,http://www.smzdm.com/youhui/,2016-02-23 10:07:00,39,buy
6120534,?,0,限地区：九日 迷你海苔2gx40包*6件,64,16:23,3,?,国内,21,6120534,2016-05-09 20:56:49,false,59.4元包邮（双重优惠）,?,食品保健,?,49,朵儿FIONA,http://www.smzdm.com/mall/jd/,0,146278218342,0,http://www.smzdm.com/p/6120534/,?,717,http://www.smzdm.com/gourl/1323CFE4DDCADFFC/AA_YH_95,19,0,京东,jd.com,http://www.smzdm.com/youhui/,2016-05-09 16:23:00,59.4,buy
6116975,?,0,新低价：Dell 戴尔 XPS 13-9350-R1708S 13.3英寸超极本（i7-6500U 8G 256G SSD 全高清 ）,277,05-06 08:16,3,?,售罄,132,6116975,2016-05-09 20:57:31,true,7999元包邮,?,电脑数码,?,84,copyrenzhe,http://www.smzdm.com/mall/amazon_cn/,0,146249377095,1,http://www.smzdm.com/p/6116975/,?,731,http://www.smzdm.com/gourl/8A2921DA6180634D/AA_YH_163,281,0,亚马逊中国,amazon.cn,http://www.smzdm.com/youhui/,2016-05-06 08:16:00,7999,buy
6114203,?,1,移动端：Propolinse 比那氏 蜂胶复合漱口水 600ml*7瓶（樱花限定版）,432,05-04 09:16,3,?,过期,54,6114203,2016-05-09 20:58:01,true,169.3元（双重优惠）,?,个护化妆,?,44,有钱又帅怪我咯,http://www.smzdm.com/mall/jd/,0,146232460893,0,http://www.smzdm.com/p/6114203/,?,329,http://www.smzdm.com/gourl/845A6F7A009B3DAD/AA_YH_113,67,0,京东,jd.com,http://www.smzdm.com/youhui/,2016-05-04 09:16:00,169.3,buy
6113513,?,0,SONY 索尼 XBA-A2 三单元圈铁结合 入耳式耳机,163,05-03 16:06,3,?,国内,110,6113513,2016-05-09 20:58:09,false,899元包邮,?,电脑数码,?,43,飞天霞霞,http://www.smzdm.com/mall/sundan/,0,146226280708,0,http://www.smzdm.com/p/6113513/,?,111,http://www.sundan.com.cn/product-9065.html,201,0,顺电网上商城,sundan.com.cn,http://www.smzdm.com/youhui/,2016-05-03 16:06:00,899,view
6112801,?,1,移动端限地区：CHEESEBERRY 芝士百丽 纽约风味 芝士蛋糕 520g,153,05-03 09:28,3,?,过期,68,6112801,2016-05-09 20:58:15,true,69元,?,食品保健,?,109,雨点四三,http://www.smzdm.com/mall/jd/,0,146223893752,0,http://www.smzdm.com/p/6112801/,?,417,http://www.smzdm.com/gourl/6A03F6BB507476C0/AA_YH_95,33,0,京东,jd.com,http://www.smzdm.com/youhui/,2016-05-03 09:28:00,69,buy
6111972,?,0,new balance 373 男款休闲运动鞋,72,05-02 07:17,3,?,国内,73,6111972,2016-05-09 20:58:25,false,299元包邮,?,运动户外,?,189,色魔张小鬼,http://www.smzdm.com/mall/amazon_cn/,0,146214464452,0,http://www.smzdm.com/p/6111972/,?,253,http://www.smzdm.com/gourl/429509BE72FF9A18/AA_YH_191,47,0,亚马逊中国,amazon.cn,http://www.smzdm.com/youhui/,2016-05-02 07:17:00,299,buy
6110898,?,0,JVC 杰伟世 HA-FXT200LTD 入耳式双动圈耳机,62,04-30 14:14,3,rel=”nofollow”,海淘,42,6110898,2016-05-09 20:58:37,false,9280日元（约￥600）,?,电脑数码,?,25,SomSom,http://www.smzdm.com/mall/amazon_jp/,0,146199684634,0,http://www.smzdm.com/p/6110898/,?,263,http://www.smzdm.com/gourl/716A2DCBA1CEC338/AA_HT_163,57,0,日本亚马逊,amazon.co.jp,http://haitao.smzdm.com/,2016-04-30 14:14:00,600,buy
6109260,?,0,SENNHEISER 森海塞尔 IE80 耳塞式耳机,157,04-28 21:52,3,?,国内,81,6109260,2016-05-09 20:59:01,false,1799元包邮,?,电脑数码,?,86,bbaicai,http://www.smzdm.com/mall/amazon_cn/,0,146185156691,0,http://www.smzdm.com/p/6109260/,?,361,http://www.smzdm.com/gourl/3D962AB3E47B5AA8/AA_YH_163,261,0,亚马逊中国,amazon.cn,http://www.smzdm.com/youhui/,2016-04-28 21:52:00,1799,buy
6107873,?,0,Sennheiser 森海塞尔  HD800 旗舰 头戴式耳机+凑单品,171,04-28 08:29,3,?,国内,42,6107873,2016-05-09 20:59:17,false,9432元包邮 (2件8折）,?,电脑数码,?,62,Vangelis,http://www.smzdm.com/mall/jd/,0,146180337814,0,http://www.smzdm.com/p/6107873/,?,263,http://www.smzdm.com/gourl/31931957F2B6AABB/AA_YH_163,537,0,京东,jd.com,http://www.smzdm.com/youhui/,2016-04-28 08:29:00,9432,buy
6106554,?,0,KANSOON 凯速 手提行李包 登机包,366,04-27 10:36,3,?,国内,631,6106554,2016-05-09 20:59:31,false,59元包邮,?,服饰鞋包,?,49,?,http://www.smzdm.com/mall/amazon_cn/,0,146172647169,0,http://www.smzdm.com/p/6106554/,?,751,http://www.smzdm.com/gourl/DBF23600ACADD563/AA_YH_57,168,0,亚马逊中国,amazon.cn,http://www.smzdm.com/youhui/,2016-04-27 10:36:00,59,buy
6106453,?,0,KEF M100  HiFi入耳式耳机 白色,38,04-27 09:18,3,?,国内,13,6106453,2016-05-09 20:59:35,false,499元包邮,?,电脑数码,?,33,xwsgh,http://www.smzdm.com/mall/amazon_cn/,0,146171993331,0,http://www.smzdm.com/p/6106453/,?,731,http://www.smzdm.com/gourl/0E5263E32C8F0BCE/AA_YH_163,24,0,亚马逊中国,amazon.cn,http://www.smzdm.com/youhui/,2016-04-27 09:18:00,499,buy
6105013,?,0,AOC 冠捷 U2868PQU 28寸4K液晶显示器（专业底座、60Hz、1ms、8bit、4USB）,52,04-26 11:09,3,?,国内,56,6105013,2016-05-09 20:59:51,false,2199元包邮,?,电脑数码,?,24,AIGEN,http://www.smzdm.com/mall/jd/,0,146164015268,0,http://www.smzdm.com/p/6105013/,?,731,http://www.smzdm.com/gourl/B03C71895A699F2B/AA_YH_163,73,0,京东,jd.com,http://www.smzdm.com/youhui/,2016-04-26 11:09:00,2199,buy
6103023,?,1,移动端：SEAGATE 希捷 2.5英寸 Backup Plus 新睿品 4T USB3.0 移动硬盘,161,04-25 08:58,3,?,过期,73,6103023,2016-05-09 21:00:11,true,939元包邮（999-60）,?,电脑数码,?,61,charia,http://www.smzdm.com/mall/jd/,0,146154608574,0,http://www.smzdm.com/p/6103023/,?,731,http://www.smzdm.com/gourl/2394E51048F824C1/AA_YH_163,130,0,京东,jd.com,http://www.smzdm.com/youhui/,2016-04-25 08:58:00,939,buy
6100545,?,0,限地区：VSONIC 威索尼可 VSD3 入耳式耳机,109,04-22 14:50,3,?,国内,45,6100545,2016-05-09 21:00:39,false,149元包邮（199-50）,?,电脑数码,?,98,nicolao,http://www.smzdm.com/mall/jd/,0,146130783687,0,http://www.smzdm.com/p/6100545/,?,731,http://www.smzdm.com/gourl/FA2F18F08F638D8E/AA_YH_163,72,0,京东,jd.com,http://www.smzdm.com/youhui/,2016-04-22 14:50:00,149,buy
6100065,?,0,优惠券：京东 全品类,289,04-22 09:57,3,?,国内,155,6100065,2016-05-09 21:00:45,false,满200-20,?,电脑数码,?,454,?,http://www.smzdm.com/mall/jd/,0,146129023935,0,http://www.smzdm.com/p/6100065/,?,263,http://www.smzdm.com/gourl/EED3CAD536C2758C/AA_YH_163,48,0,京东,jd.com,http://www.smzdm.com/youhui/,2016-04-22 09:57:00,0,buy
6099800,?,0,新低价：Danco 丹夫 华夫饼原味西式糕点 560g*2件,26,04-21 21:31,3,?,国内,17,6099800,2016-05-09 21:00:51,false,20.9元，限购2件,?,食品保健,?,102,Mars629,http://www.smzdm.com/mall/tmallchaoshi/,0,146124547867,0,http://www.smzdm.com/p/6099800/,?,521,https://chaoshi.detail.tmall.com/item.htm?id=42780917217,10,0,天猫超市,tmall.com,http://www.smzdm.com/youhui/,2016-04-21 21:31:00,20.9,buy
6098615,?,0,移动端：亲亲虾条 香辣味 26g*110袋,304,04-21 11:02,3,?,国内,65,6098615,2016-05-09 21:01:05,false,49元（多重优惠）,?,食品保健,?,38,呆娇,http://www.smzdm.com/mall/jd/,0,146120815834,0,http://www.smzdm.com/p/6098615/,?,427,http://www.smzdm.com/gourl/D1FE98C58EA32E6E/AA_YH_95,237,0,京东,jd.com,http://www.smzdm.com/youhui/,2016-04-21 11:02:00,49,buy
6096607,?,0,SENNHEISER 森海塞尔 IE800 超宽频动圈 入耳式耳机,198,04-19 20:40,3,?,售罄,48,6096607,2016-05-09 21:01:29,true,4288元包邮,?,电脑数码,?,53,有钱又帅怪我咯,http://www.smzdm.com/mall/suning_g/,0,146106965883,1,http://www.smzdm.com/p/6096607/,?,569,http://www.smzdm.com/gourl/568C552C28B94199/AA_YH_163,426,0,苏宁易购海外购,suning.com,http://www.smzdm.com/kuajing/,2016-04-19 20:40:00,4288,buy
6096578,?,0,嘉士利 甜薄脆饼干 2Kg*4箱,74,04-19 20:20,3,?,国内,31,6096578,2016-05-09 21:01:29,false,42.8元（双重优惠）,?,食品保健,?,31,?,http://www.smzdm.com/mall/jd/,0,146106844478,0,http://www.smzdm.com/p/6096578/,?,255,http://www.smzdm.com/gourl/426535DA7A5AF06E/AA_YH_95,58,0,京东,jd.com,http://www.smzdm.com/youhui/,2016-04-19 20:20:00,42.8,buy
6096477,?,0,限地区：趣多多 巧克力曲奇 原味 （285g+95g）*4包,231,04-19 18:37,3,?,国内,94,6096477,2016-05-09 21:01:31,false,14.5元（双重优惠）,?,食品保健,?,55,MarMoem,http://www.smzdm.com/mall/jd/,0,146106226166,0,http://www.smzdm.com/p/6096477/,?,255,http://www.smzdm.com/gourl/AB0EF143E254289A/AA_YH_95,187,0,京东,jd.com,http://www.smzdm.com/youhui/,2016-04-19 18:37:00,14.5,buy
6095115,?,0,SONY 索尼 XBA-A2 三单元圈铁结合 入耳式耳机,46,04-18 23:04,3,?,国内,43,6095115,2016-05-09 21:01:49,false,949元包邮,?,电脑数码,?,41,hztaolei,http://www.smzdm.com/mall/jd/,0,146099186987,0,http://www.smzdm.com/p/6095115/,?,361,http://www.smzdm.com/gourl/3425A1B7022FCF29/AA_YH_163,81,0,京东,jd.com,http://www.smzdm.com/youhui/,2016-04-18 23:04:00,949,buy
6091756,?,0,SUKI 多美鲜 全脂牛奶 1L*12盒*3箱+凑单品,1000,04-16 00:31,3,?,国内,188,6091756,2016-05-09 21:02:33,false,100.8元（200.8-100）+15元运费,?,食品保健,?,85,DeathMH,http://www.smzdm.com/mall/jd/,0,146073788836,0,http://www.smzdm.com/p/6091756/,?,255,http://www.smzdm.com/gourl/99C6C28C0A96445F/AA_YH_95,364,0,京东,jd.com,http://www.smzdm.com/youhui/,2016-04-16 00:31:00,100.8,buy
6090693,?,0,限地区：亲亲 虾条 烧烤味/香辣味 26g*10件,98,04-15 14:07,3,?,国内,37,6090693,2016-05-09 21:02:43,false,5.4元（双重优惠）,?,食品保健,?,22,Cookie小熊,http://www.smzdm.com/mall/jd/,0,146070043141,0,http://www.smzdm.com/p/6090693/,?,521,http://www.smzdm.com/gourl/F5AF7FE8A2752480/AA_YH_95,111,0,京东,jd.com,http://www.smzdm.com/youhui/,2016-04-15 14:07:00,5.4,buy
6088635,?,0,Mcvitie s 麦维他 消化饼 400g（新老包装随机发放）*20袋,93,04-14 09:21,3,?,国内,31,6088635,2016-05-09 21:03:13,false,98元（双重优惠）,?,食品保健,?,35,喝杯水压压惊,http://www.smzdm.com/mall/jd/,0,146059690433,0,http://www.smzdm.com/p/6088635/,?,521,http://www.smzdm.com/gourl/98684A3B8E458E00/AA_YH_95,36,0,京东,jd.com,http://www.smzdm.com/youhui/,2016-04-14 09:21:00,98,buy
6087656,?,0,优惠券：京东 全品类,235,04-13 13:47,3,?,国内,162,6087656,2016-05-09 21:03:25,false,满300-20,?,电脑数码,?,195,robotcup,http://www.smzdm.com/mall/jd/,0,146052646614,0,http://www.smzdm.com/p/6087656/,?,263,http://www.smzdm.com/gourl/AF8D6BDE41D77592/AA_YH_163,140,0,京东,jd.com,http://www.smzdm.com/youhui/,2016-04-13 13:47:00,0,view
6083756,?,0,Creative 创新 In-Ear 3 plus 附带麦克风 入耳式 降噪耳塞,137,04-11 13:01,3,?,国内,62,6083756,2016-05-09 21:04:05,false,649元包邮（799-150）,?,电脑数码,?,42,枫岚幽忧,http://www.smzdm.com/mall/jd/,0,146035086809,0,http://www.smzdm.com/p/6083756/,?,263,http://www.smzdm.com/gourl/379DCAC6E41DF6CB/AA_YH_163,81,0,京东,jd.com,http://www.smzdm.com/youhui/,2016-04-11 13:01:00,649,view
6083429,?,0,AKG 爱科技 K430LE 头戴式耳机,117,04-11 10:21,3,?,国内,60,6083429,2016-05-09 23:26:48,false,149元包邮（199-50）,?,电脑数码,?,22,黄良病人,http://www.smzdm.com/mall/jd/,0,146034127757,0,http://www.smzdm.com/p/6083429/,?,263,http://www.smzdm.com/gourl/95075E77160E5D78/AA_YH_163,109,0,京东,jd.com,http://www.smzdm.com/youhui/,2016-04-11 10:21:00,149,buy
6081712,?,0,SONY 索尼 NW-ZX100 MP3播放器,120,04-09 10:19,3,?,国内,57,6081712,2016-05-09 23:27:12,false,3099元包邮,?,电脑数码,?,137,tubababa,http://www.smzdm.com/mall/yixun/,0,146016834716,0,http://www.smzdm.com/p/6081712/,?,111,http://www.smzdm.com/gourl/FF9871944459C295/AA_YH_163,167,0,易迅网,yixun.com,http://www.smzdm.com/youhui/,2016-04-09 10:19:00,3099,buy
6079280,?,1,移动端再降价：NETGEAR 美国网件 R8000 AC3200M 三频千兆无线路由器,883,04-07 14:57,3,?,过期,277,6079280,2016-05-09 23:27:32,true,999元包邮，赠插排,?,电脑数码,?,37,我想去美国,http://www.smzdm.com/mall/jd/,0,146001225395,0,http://www.smzdm.com/p/6079280/,?,263,http://www.smzdm.com/gourl/7C545B3B3564F672/AA_YH_163,558,0,京东,jd.com,http://www.smzdm.com/youhui/,2016-04-07 14:57:00,999,buy
6078624,?,1,移动端：VSONIC 威索尼可 NEW VSD1S 入耳式耳机,206,04-07 08:30,3,?,过期,44,6078624,2016-05-09 23:27:40,true,99元包邮,?,电脑数码,?,134,zhongtao,http://www.smzdm.com/mall/jd/,0,145998903622,0,http://www.smzdm.com/p/6078624/,?,263,http://www.smzdm.com/gourl/1EC380773610F87C/AA_YH_163,77,0,京东,jd.com,http://www.smzdm.com/youhui/,2016-04-07 08:30:00,99,buy
6078551,?,0,MEIZU 魅族 魅蓝 Note 3 智能手机（2GB+16GB）,750,04-07 00:34,3,?,售罄,138,6078551,2016-05-09 23:27:42,true,799元包邮,?,电脑数码,?,375,飞翔的鱼刺,http://www.smzdm.com/mall/tmall/,0,145996049008,1,http://www.smzdm.com/p/6078551/,?,361,http://detail.tmall.com/item.htm?id=529397582717,423,0,天猫精选,tmall.com,http://www.smzdm.com/youhui/,2016-04-07 00:34:00,799,buy
6076957,?,0,Logitech 罗技 UE900s 四单元动铁 入耳式耳机,114,04-06 08:34,3,?,跨境,31,6076957,2016-05-09 23:27:56,false,1188元包邮,?,电脑数码,?,75,mgmg2,http://www.smzdm.com/mall/jd_ebay/,0,145990287950,0,http://www.smzdm.com/p/6076957/,?,263,http://www.smzdm.com/gourl/B753245B409E3F3A/AA_YH_163,138,0,京东全球购eBay精选,jd.com,http://www.smzdm.com/kuajing/,2016-04-06 08:34:00,1188,buy
6072483,?,1,移动端：Coca Cola 可口可乐 樱桃味/箱 355mlx12,227,04-01 15:05,3,?,过期,59,6072483,2016-05-09 23:28:42,true,59元，可199-100,?,食品保健,?,179,TCCTTC,http://www.smzdm.com/mall/jd_hk/,0,145949668889,0,http://www.smzdm.com/p/6072483/,?,717,http://www.smzdm.com/gourl/6FA4A09433CCB12D/AA_YH_95,90,0,京东全球购,jd.hk,http://www.smzdm.com/kuajing/,2016-04-01 15:05:00,59,buy
6071695,?,0,会员价：Logitech 罗技 UE900s 四单元动铁 入耳式耳机,219,03-31 23:40,3,?,跨境,70,6071695,2016-05-09 23:28:50,false,1188元包邮,?,电脑数码,?,64,深海蛟龙,http://www.smzdm.com/mall/jd_ebay/,0,145943885101,0,http://www.smzdm.com/p/6071695/,?,111,http://www.smzdm.com/gourl/B753245B409E3F3A/AA_YH_163,250,0,京东全球购eBay精选,jd.com,http://www.smzdm.com/kuajing/,2016-03-31 23:40:00,1188,buy
6071627,?,0,会员价：SONY 索尼 MDR-1ABT 触控蓝牙无线耳机,203,03-31 22:29,3,?,跨境,111,6071627,2016-05-09 23:28:52,false,1199元包邮,?,电脑数码,?,61,深海蛟龙,http://www.smzdm.com/mall/jd_ebay/,0,145943455997,0,http://www.smzdm.com/p/6071627/,?,111,http://www.smzdm.com/gourl/6A3E4B4B1FA571DB/AA_YH_163,239,0,京东全球购eBay精选,jd.com,http://www.smzdm.com/kuajing/,2016-03-31 22:29:00,1199,buy
6067348,?,0,限区域：OREO 奥利奥 巧轻脆薄片夹心 柠檬芝士蛋糕味 312g*12件,55,03-29 07:47,3,?,国内,28,6067348,2016-05-09 23:29:30,false,68.6元，双重优惠后,?,食品保健,?,67,雷鸣1128,http://www.smzdm.com/mall/jd/,0,145920887212,0,http://www.smzdm.com/p/6067348/,?,159,http://www.smzdm.com/gourl/C6C0A3B6748178CF/AA_YH_95,26,0,京东,jd.com,http://www.smzdm.com/youhui/,2016-03-29 07:47:00,68.6,buy
6065076,?,1,移动端：SONY 索尼 PHA-1A 便携式耳机放大器,214,03-26 20:52,3,?,过期,152,6065076,2016-05-09 23:29:54,true,1289元包邮（1499-210），有晒单,?,电脑数码,?,116,宇文羊,http://www.smzdm.com/mall/jd/,0,145899673961,0,http://www.smzdm.com/p/6065076/,?,495,http://www.smzdm.com/gourl/04714E17B01937C8/AA_YH_163,255,0,京东,jd.com,http://www.smzdm.com/youhui/,2016-03-26 20:52:00,1289,buy
6064444,?,0,国行低价：BANG & OLUFSEN BeoPlay H7 蓝牙头戴式耳机,91,03-26 09:34,3,?,国内,101,6064444,2016-05-09 23:30:02,false,2399元包邮,?,电脑数码,?,27,?,http://www.smzdm.com/mall/amazon_cn/,0,145895604083,0,http://www.smzdm.com/p/6064444/,?,135,http://www.smzdm.com/gourl/CCC668B5826C94C6/AA_YH_163,118,0,亚马逊中国,amazon.cn,http://www.smzdm.com/youhui/,2016-03-26 09:34:00,2399,buy
6063341,?,0,限地区移动端：OREO 奥利奥 巧轻脆薄片夹心 柠檬芝士蛋糕味 104g*21件*2,106,03-25 14:45,3,?,国内,21,6063341,2016-05-09 23:30:10,false,62.9元包邮（双重优惠）,?,食品保健,?,144,?,http://www.smzdm.com/mall/jd/,0,145888830498,0,http://www.smzdm.com/p/6063341/,?,427,http://www.smzdm.com/gourl/53F0378776BB4CBB/AA_YH_95,37,0,京东,jd.com,http://www.smzdm.com/youhui/,2016-03-25 14:45:00,62.9,buy
6062458,?,1,新低价，移动端：JVC 杰伟世 HA-FX650 入耳式耳机,80,03-24 16:12,3,?,过期,43,6062458,2016-05-09 23:30:24,true,559元包邮，可用券,?,电脑数码,?,21,Ryokk,http://www.smzdm.com/mall/jd/,0,145880715762,0,http://www.smzdm.com/p/6062458/,?,135,http://www.smzdm.com/gourl/5748E7F54CCE1EA3/AA_YH_163,87,0,京东,jd.com,http://www.smzdm.com/youhui/,2016-03-24 16:12:00,559,buy
6061678,?,1,独显版国行新低：Microsoft 微软 Surface Book 笔记本电脑（i5/8G/256GB/独显）,1361,03-24 08:49,3,?,过期,272,6061678,2016-05-09 23:30:30,true,9999元，可12期免息,?,电脑数码,?,144,"J粒子,哆来喵",http://www.smzdm.com/mall/jd/,0,145878054393,0,http://www.smzdm.com/p/6061678/,?,135,http://www.smzdm.com/gourl/9BDEDC5B86EFE7D2/AA_YH_163,798,0,京东,jd.com,http://www.smzdm.com/youhui/,2016-03-24 08:49:00,9999,buy
6061629,?,0,新低价：Google 谷歌 Nexus 5X 32GB 手机 无锁版,1036,03-24 07:46,3,rel=”nofollow”,海淘,488,6061629,2016-05-09 23:30:30,false,$219.99（约￥1500）,?,电脑数码,?,79,阿附谔谔,http://www.smzdm.com/mall/ebay/,0,145877680185,0,http://www.smzdm.com/p/6061629/,?,135,http://www.smzdm.com/gourl/509D0B5DBFDC45C9/AA_HT_163,763,0,ebay,ebay.com,http://haitao.smzdm.com/,2016-03-24 07:46:00,1500,buy
6061489,?,0,BURBERRY 博柏利 The Small Canter 女士手提包,25,03-23 22:01,3,rel=”nofollow”,海淘,46,6061489,2016-05-09 23:30:32,false,$729（需用码，约￥4820）,?,服饰鞋包,?,31,郁闷有罪,http://www.smzdm.com/mall/jomashop/,0,145874169963,0,http://www.smzdm.com/p/6061489/,?,305,http://www.smzdm.com/gourl/74E2D3FE40126F47/AA_HT_57,44,0,JOMASHOP,jomashop.com,http://haitao.smzdm.com/,2016-03-23 22:01:00,4820,dislike
6060082,?,0,华北华南：beyerdynamic 拜亚动力 T1 Tesla 头戴式耳机 一代,77,03-23 09:03,3,?,国内,40,6060082,2016-05-09 23:30:47,false,4689元包邮,?,电脑数码,?,30,crayon_ou,http://www.smzdm.com/mall/jd/,0,145869501429,0,http://www.smzdm.com/p/6060082/,?,135,http://www.smzdm.com/gourl/5BEC740E58FBFDF0/AA_YH_163,215,0,京东,jd.com,http://www.smzdm.com/youhui/,2016-03-23 09:03:00,4689,view
6058472,?,0,SONY 索尼 PHA-3 便携式 耳机放大器,85,03-22 08:47,3,?,售罄,22,6058472,2016-05-09 23:31:04,true,3798元,?,电脑数码,?,101,论坛新手,http://www.smzdm.com/mall/newegg_cn/,0,145860766047,1,http://www.smzdm.com/p/6058472/,?,111,http://www.smzdm.com/gourl/1F766EF85150E834/AA_YH_163,92,0,新蛋中国,newegg.cn,http://www.smzdm.com/youhui/,2016-03-22 08:47:00,3798,buy
6058117,?,0,RECARO Young Sport 大黄蜂 儿童安全座椅 Graphite石墨,55,03-21 20:14,3,?,跨境,95,6058117,2016-05-09 23:31:08,false,1499元包邮,?,汽车用品,?,20,danlylee1011,http://www.smzdm.com/mall/jd_hk/,0,145856246301,0,http://www.smzdm.com/p/6058117/,?,417,http://www.smzdm.com/gourl/6F7263A30A704829/AA_YH_147,38,0,京东全球购,jd.com,http://www.smzdm.com/kuajing/,2016-03-21 20:14:00,1499,dislike
6056151,?,0,FEIYUE 中国飞跃 FY520 多功能电动缝纫机,18,03-20 09:04,3,?,国内,40,6056151,2016-05-09 23:31:30,false,423.9元包邮,?,家用电器,?,9,人间会后悔,http://www.smzdm.com/mall/amazon_cn/,0,145843586387,0,http://www.smzdm.com/p/6056151/,?,495,http://www.smzdm.com/gourl/9289903B99A7B693/AA_YH_27,31,0,亚马逊中国,amazon.cn,http://www.smzdm.com/youhui/,2016-03-20 09:04:00,423.9,dislike
6056138,?,0,REBECCA MINKOFF Moto Bucket 女士斜挎包,15,03-20 08:40,3,rel=”nofollow”,海淘,27,6056138,2016-05-09 23:31:30,false,$137.99（约￥970）,?,服饰鞋包,?,7,汪琛1234,http://www.smzdm.com/mall/6pm/,0,145843442886,0,http://www.smzdm.com/p/6056138/,?,305,http://www.smzdm.com/gourl/B7B537103963F454/AA_HT_57,31,0,6PM,6pm.com,http://haitao.smzdm.com/,2016-03-20 08:40:00,970,dislike
6054096,?,0,beyerdynamic 拜亚动力 DT990 PRO 头戴式耳机,139,03-18 08:30,3,?,国内,96,6054096,2016-05-09 23:31:52,false,999元包邮,?,电脑数码,?,25,?,http://www.smzdm.com/mall/amazon_cn/,0,145826103859,0,http://www.smzdm.com/p/6054096/,?,135,http://www.smzdm.com/gourl/E15529F1B34564CE/AA_YH_163,180,0,亚马逊中国,amazon.cn,http://www.smzdm.com/youhui/,2016-03-18 08:30:00,999,buy
6053427,?,0,SENNHEISER 森海塞尔  HD 598SE 头戴式耳机,621,03-18 08:08,3,?,售罄,200,6053427,2016-05-09 23:31:52,true,699元包邮,?,电脑数码,?,34,?,http://www.smzdm.com/mall/amazon_cn/,0,145825968056,1,http://www.smzdm.com/p/6053427/,?,135,http://www.smzdm.com/gourl/5C9212A3D53C4B66/AA_YH_163,403,0,亚马逊中国,amazon.cn,http://www.smzdm.com/youhui/,2016-03-18 08:08:00,699,buy
6053387,?,0,优惠券码：京东 会员狂欢节 全品类东券,401,03-17 15:39,3,?,国内,1055,6053387,2016-05-09 23:31:58,false,满200减20/500减40/1000减50,?,电脑数码,?,91,qwc311,http://www.smzdm.com/mall/jd/,0,145820038290,0,http://www.smzdm.com/p/6053387/,?,719,http://www.smzdm.com/gourl/7440647F5CAA5181/AA_YH_163,283,0,京东,jd.com,http://www.smzdm.com/youhui/,2016-03-17 15:39:00,200,buy
6046920,?,0,Deal of the Day：AKG  爱科技 Q701 昆西琼斯系列 头戴式耳机 三色可选,192,03-17 15:19,3,rel=”nofollow”,海淘,147,6046920,2016-05-09 23:32:00,false,$99.99（约￥750）,?,电脑数码,?,18,?,http://www.smzdm.com/mall/amazon/,0,145819917178,0,http://www.smzdm.com/p/6046920/,?,135,http://www.smzdm.com/gourl/173AFB654E611236/AA_HT_163,277,0,美国亚马逊,amazon.com,http://haitao.smzdm.com/,2016-03-17 15:19:00,750,buy
6053256,?,0,促销活动：京东 Han 汉代 眼镜专场,216,03-17 14:43,3,?,国内,329,6053256,2016-05-09 23:32:00,false,下单5折+优惠券,?,个护化妆,?,134,?,http://www.smzdm.com/mall/jd/,0,145819878076,0,http://www.smzdm.com/p/6053256/,?,567,http://www.smzdm.com/gourl/4D0E3B8E5FC6F44D/AA_YH_113,193,0,京东,jd.com,http://www.smzdm.com/youhui/,2016-03-17 14:43:00,5,buy
6053118,?,0,Google 谷歌 Nexus 5X LG-H791 16GB 手机,405,03-17 13:19,3,rel=”nofollow”,海淘,187,6053118,2016-05-09 23:32:00,false,$245.99（需用码，约￥1670）,?,电脑数码,?,80,丘比特,http://www.smzdm.com/mall/ebay/,0,145819458668,0,http://www.smzdm.com/p/6053118/,?,731,http://www.smzdm.com/gourl/6577D3BB39FFF109/AA_HT_163,346,0,ebay,ebay.com,http://haitao.smzdm.com/,2016-03-17 13:19:00,1670,buy
6053072,?,0,HAMILTON 汉米尔顿 KHAKI AVIATION 卡其航空 X-WIND H77676733 男款机械腕表,15,03-17 12:35,3,rel=”nofollow”,海淘,100,6053072,2016-05-09 23:32:02,false,$899（需用码，约￥5990）,?,礼品钟表,?,15,Mui_Young,http://www.smzdm.com/mall/ashford/,0,145818931358,0,http://www.smzdm.com/p/6053072/,?,423,http://www.smzdm.com/gourl/985FBF2A898E5B91/AA_HT_131,81,0,Ashford,ashford.com,http://haitao.smzdm.com/,2016-03-17 12:35:00,5990,dislike
6053044,?,0,GUERLAIN 娇兰 幻彩流星粉球 02号色 25g,65,03-17 12:19,3,rel=”nofollow”,海淘,68,6053044,2016-05-09 23:32:02,false,258元包直邮（需用码）,?,个护化妆,?,25,根本就停不下,http://www.smzdm.com/mall/sasa/,0,145818840356,0,http://www.smzdm.com/p/6053044/,?,391,http://www.smzdm.com/gourl/4C5A5AAEF02DFAD9/AA_HT_113,24,0,莎莎网,sasa.com,http://haitao.smzdm.com/,2016-03-17 12:19:00,258,dislike
6053047,?,1,新低价：ELLINGTON Alex Hobo and 女款斜挎包,7,03-17 11:48,3,rel=”nofollow”,过期,22,6053047,2016-05-09 23:32:02,true,$85.01（约￥660）,?,服饰鞋包,?,10,黑色郁金香sias,http://www.smzdm.com/mall/amazon/,0,145818649249,0,http://www.smzdm.com/p/6053047/,?,341,http://www.smzdm.com/gourl/5025DCC7A6717359/AA_HT_57,14,0,美国亚马逊,amazon.com,http://haitao.smzdm.com/,2016-03-17 11:48:00,660,dislike
6052529,?,0,BenQ 明基 HD2041/安桥SKS-HT528 5.1环绕立体声 家庭影院,137,03-17 10:39,3,?,国内,229,6052529,2016-05-09 23:32:04,false,12999元包邮,?,家用电器,?,41,?,http://www.smzdm.com/mall/amazon_cn/,0,145818237236,0,http://www.smzdm.com/p/6052529/,?,419,http://www.smzdm.com/gourl/3F7CD9FB1807A77C/AA_YH_27,153,0,亚马逊中国,amazon.cn,http://www.smzdm.com/youhui/,2016-03-17 10:39:00,12999,dislike
6052912,?,0,BULOVA 宝路华 DIAMONDS 98R205 女士镶钻时装腕表,19,03-17 10:16,3,rel=”nofollow”,海淘,52,6052912,2016-05-09 23:32:04,false,$129（需用码，约￥910）,?,礼品钟表,?,22,Mui_Young,http://www.smzdm.com/mall/ashford/,0,145818101231,0,http://www.smzdm.com/p/6052912/,?,423,http://www.smzdm.com/gourl/803E19BCBD9FF386/AA_HT_131,22,0,Ashford,ashford.com,http://haitao.smzdm.com/,2016-03-17 10:16:00,910,dislike
6052864,?,0,再降价：Valvoline 胜牌 星皇全合成机油SN 946毫升 5W-40*4瓶,125,03-17 09:49,3,?,国内,27,6052864,2016-05-09 23:32:06,false,249元（279-30）,?,汽车用品,?,10,realqiyun,http://www.smzdm.com/mall/amazon_cn/,0,145817936526,0,http://www.smzdm.com/p/6052864/,?,23,http://www.smzdm.com/gourl/05D5A147461CAD77/AA_YH_147,39,0,亚马逊中国,amazon.cn,http://www.smzdm.com/youhui/,2016-03-17 09:49:00,249,dislike
6052835,?,0,《The Jungle Book: A Pop-Up Adventure》（精装）,38,03-17 09:42,3,?,国内,28,6052835,2016-05-09 23:32:06,false,114元包邮，可300-150,?,图书音像,?,10,DaleD,http://www.smzdm.com/mall/amazon_cn/,0,145817896125,0,http://www.smzdm.com/p/6052835/,?,255,http://www.smzdm.com/gourl/FEE0D66F48F8292C/AA_YH_7,15,0,亚马逊中国,amazon.cn,http://www.smzdm.com/youhui/,2016-03-17 09:42:00,114,dislike
6052825,?,0,Lowepro 乐摄宝 Pro Runner x350/x450 Rolling AW 双肩拉杆摄影包,37,03-17 09:37,3,rel=”nofollow”,海淘,42,6052825,2016-05-09 23:32:06,false,$99.99/$149.99（约￥1000）,?,服饰鞋包,?,51,阿卓,http://www.smzdm.com/mall/bhphotovideo/,0,145817864524,0,http://www.smzdm.com/p/6052825/,?,329,http://www.smzdm.com/gourl/8322FA4FB3EF19C3/AA_HT_57,17,0,B&H,bhphotovideo.com,http://haitao.smzdm.com/,2016-03-17 09:37:00,1000,dislike
6052772,?,1,VINCE CAMUTO Lorin 真皮水桶包,23,03-17 08:08,3,rel=”nofollow”,过期,55,6052772,2016-05-09 23:32:08,true,$99.99（约￥730）,?,服饰鞋包,?,5,汪琛1234,http://www.smzdm.com/mall/6pm/,0,145817328003,0,http://www.smzdm.com/p/6052772/,?,673,http://www.smzdm.com/gourl/701972EA87CDF0AA/AA_HT_57,21,0,6PM,6pm.com,http://haitao.smzdm.com/,2016-03-17 08:08:00,730,dislike
6052580,?,0,限尺码：adidas 阿迪达斯 M17346 男款跑鞋,190,03-16 21:04,3,?,国内,422,6052580,2016-05-09 23:32:11,false,175元,?,运动户外,?,124,肉松饼杀神,http://www.smzdm.com/mall/adidas_cn/,0,145813348570,0,http://www.smzdm.com/p/6052580/,?,513,http://www.adidas.com.cn/m17346,258,0,adidas中国官网,adidas.com.cn,http://www.smzdm.com/youhui/,2016-03-16 21:04:00,175,buy
6052492,?,0,ASUS 华硕 猛禽 STRIX-R9 380-DC2OC-2GD5-GAMING 990MHz/5500MHz 2GB/256bit DDR5 PCI-E 3.0 显卡,179,03-16 19:50,3,?,国内,67,6052492,2016-05-09 23:32:12,false,1199元包邮,?,电脑数码,?,52,superkay0603,http://www.smzdm.com/mall/yixun/,0,145812901655,0,http://www.smzdm.com/p/6052492/,?,569,http://www.smzdm.com/gourl/665F1641C1A9D437/AA_YH_163,197,0,易迅网,yixun.com,http://www.smzdm.com/youhui/,2016-03-16 19:50:00,1199,buy
6051669,?,0,DELL官方翻新商城 特价周,641,03-16 11:41,3,rel=”nofollow”,海淘,322,6051669,2016-05-09 23:32:20,false,XPS额外7折、外星人额外75折,?,电脑数码,?,61,meloZ,http://www.smzdm.com/mall/dellrefurbished/,0,145809971273,0,http://www.smzdm.com/p/6051669/,?,111,http://www.smzdm.com/gourl/89AC4A97EBB963BD/AA_HT_163,336,0,DELL官方翻新商城,dell.com,http://haitao.smzdm.com/,2016-03-16 11:41:00,7,buy
6050273,?,0,新低价：Intel 英特尔 535 120G SSD固态硬盘,442,03-15 11:15,3,?,国内,280,6050273,2016-05-09 23:32:34,false,299元包邮,?,电脑数码,?,74,没奶的奶牛,http://www.smzdm.com/mall/tmall/,0,145801172626,0,http://www.smzdm.com/p/6050273/,?,263,http://detail.tmall.com/item.htm?id=45067262561,545,0,天猫精选,tmall.com,http://www.smzdm.com/youhui/,2016-03-15 11:15:00,299,buy
6049101,?,0,DELL 戴尔 XPS 15 9550 15.6寸 4K触控 笔记本电脑（i7、GTX960m、16G、512G SSD）官翻版,103,03-14 14:09,3,rel=”nofollow”,售罄,154,6049101,2016-05-09 23:32:50,true,$1364.95（含税约￥9700）,?,电脑数码,?,46,KrisFan,http://www.smzdm.com/mall/ebay/,0,145793575977,1,http://www.smzdm.com/p/6049101/,?,111,http://www.smzdm.com/gourl/DCCCEFA127E9DE71/AA_HT_163,159,0,ebay,ebay.com,http://haitao.smzdm.com/,2016-03-14 14:09:00,9700,buy
6048621,?,1,移动端：Shell 壳牌 合成机油 Helix HX7 5W-40 蓝喜力 SN级 4L,63,03-14 08:24,3,?,过期,33,6048621,2016-05-09 23:32:56,true,159元,?,汽车用品,?,12,andropov,http://www.smzdm.com/mall/jd_hk/,0,145791507115,0,http://www.smzdm.com/p/6048621/,?,23,http://www.smzdm.com/gourl/1E7DCD5506D583E8/AA_YH_147,63,0,京东全球购,jd.com,http://www.smzdm.com/kuajing/,2016-03-14 08:24:00,159,dislike
6048612,?,0,移动端：Shell 壳牌 Helix Ultra 超凡灰喜力 5W-40 4L 全合成机油,113,03-14 08:12,3,?,跨境,49,6048612,2016-05-09 23:32:56,false,219元,?,汽车用品,?,17,_大漠沙狐_,http://www.smzdm.com/mall/jd_hk/,0,145791436413,0,http://www.smzdm.com/p/6048612/,?,23,http://www.smzdm.com/gourl/9AD1E8D031B245FC/AA_YH_147,65,0,京东全球购,jd.com,http://www.smzdm.com/kuajing/,2016-03-14 08:12:00,219,dislike
6048580,?,0,MICHAEL Michael Kors Greenwich 小号水桶包,245,03-13 22:04,3,rel=”nofollow”,海淘,237,6048580,2016-05-09 23:32:56,false,￥702.69+￥151.41含税直邮（需用码，约￥854.1）,?,服饰鞋包,?,28,小丸子mimi,http://www.smzdm.com/mall/macys/,0,145787788004,0,http://www.smzdm.com/p/6048580/,?,391,http://www.smzdm.com/gourl/E8C95C41329680B0/AA_HT_57,83,0,macy s,macys.com,http://haitao.smzdm.com/,2016-03-13 22:04:00,702.69,dislike
6047582,?,0,ASRock 华擎 B150 Gaming K4/D3主板,37,03-12 17:00,3,?,国内,47,6047582,2016-05-09 23:33:08,false,499元包邮,?,电脑数码,?,36,u-79,http://www.smzdm.com/mall/jd/,0,145777321687,0,http://www.smzdm.com/p/6047582/,?,111,http://www.smzdm.com/gourl/FCA1060CC11D77C6/AA_YH_163,92,0,京东,jd.com,http://www.smzdm.com/youhui/,2016-03-12 17:00:00,499,view
6047121,?,0,ARC TERYX 始祖鸟 Altra 轻量旅行背包 50L,132,03-12 08:33,3,rel=”nofollow”,海淘,93,6047121,2016-05-09 23:33:16,false,$151.13（约￥1085）,?,运动户外,?,96,告别悲伤,http://www.smzdm.com/mall/rei/,0,145774280215,0,http://www.smzdm.com/p/6047121/,?,513,http://www.smzdm.com/gourl/5845BA7DA923A92E/AA_HT_191,50,0,REI,rei.com,http://haitao.smzdm.com/,2016-03-12 08:33:00,1085,dislike
6046958,?,0,OMEGA 欧米茄 Constellation 星座系列 Diamond 123.15.27.60.52.001 女款时装腕表,88,03-11 21:31,3,rel=”nofollow”,海淘,135,6046958,2016-05-09 23:33:16,false,248000日元（约￥14250）,?,礼品钟表,?,28,boeing,http://www.smzdm.com/mall/amazon_jp/,0,145770309605,0,http://www.smzdm.com/p/6046958/,?,475,http://www.smzdm.com/gourl/F0789D0F07870DC8/AA_HT_131,148,0,日本亚马逊,amazon.co.jp,http://haitao.smzdm.com/,2016-03-11 21:31:00,14250,dislike
6046514,?,0,HANYUL 韩律 光彩4D气垫BB霜,11,03-11 15:27,3,rel=”nofollow”,海淘,31,6046514,2016-05-09 23:33:22,false,86元（需用券，可凑单包直邮）,?,个护化妆,?,16,?,http://www.smzdm.com/mall/memebox/,0,145768125952,0,http://www.smzdm.com/p/6046514/,?,429,http://www.smzdm.com/gourl/119DD8F4A1DCFA1A/AA_HT_113,18,0,MEMEBOX,memebox.com,http://haitao.smzdm.com/,2016-03-11 15:27:00,86,dislike
6046375,?,0,HITACHI 日立 CM-N4000 多功能保湿清洁美容仪,125,03-11 14:36,3,?,跨境,104,6046375,2016-05-09 23:33:22,false,2079元+87元直邮运费（需用券）,?,家用电器,?,47,?,http://www.smzdm.com/mall/xiji/,0,145767821445,0,http://www.smzdm.com/p/6046375/,?,419,http://www.smzdm.com/gourl/848AA7C2AA1D1FBE/AA_YH_27,48,0,西集网,xiji.com,http://www.smzdm.com/kuajing/,2016-03-11 14:36:00,2079,dislike
6045803,?,0,Maurice Lacroix  MP6328-SS002-39E 男款机械腕表,129,03-11 08:42,3,rel=”nofollow”,海淘,94,6045803,2016-05-09 23:33:28,false,$824.99（需用码，约￥5430）,?,礼品钟表,?,8,kevin7384,http://www.smzdm.com/mall/thewatchery/,0,145765697889,0,http://www.smzdm.com/p/6045803/,?,305,http://www.smzdm.com/gourl/8001B349ACEEA579/AA_HT_131,60,0,TheWatchery,thewatchery.com,http://haitao.smzdm.com/,2016-03-11 08:42:00,5430,dislike
6045800,?,0,tommee tippee 汤美天地 宝宝学饮杯 2只装 款式随机,148,03-11 08:24,3,?,海淘,74,6045800,2016-05-09 23:33:28,false,19.9元包邮,?,母婴用品,?,6,anparker,http://www.smzdm.com/mall/tmall_hk/,0,145765653188,0,http://www.smzdm.com/p/6045800/,?,417,https://detail.tmall.com/item.htm?id=45510416138,95,0,天猫国际,tmall.hk,http://haitao.smzdm.com/,2016-03-11 08:24:00,19.9,dislike
6045794,?,0,凑单品：munchkin 满趣健 Soft-Tip 婴幼儿软勺*6支,101,03-11 08:18,3,rel=”nofollow”,海淘,116,6045794,2016-05-09 23:33:28,false,$2.63,?,母婴用品,?,2,朱杨,http://www.smzdm.com/mall/amazon/,0,145765552687,0,http://www.smzdm.com/p/6045794/,?,417,http://www.smzdm.com/gourl/2D76374CD4F46469/AA_HT_75,37,0,美国亚马逊,amazon.com,http://haitao.smzdm.com/,2016-03-11 08:18:00,2.63,dislike
6045788,?,0,Z秒杀：MASkin 828505 活性炭+呼气阀 5只装 头戴式 折叠型防护口罩,39,03-11 08:15,3,?,售罄,58,6045788,2016-05-09 23:33:28,true,33元,?,日用百货,?,55,我不要昵称,http://www.smzdm.com/mall/amazon_cn/,0,145765532686,1,http://www.smzdm.com/p/6045788/,?,521,http://www.smzdm.com/gourl/3077730DC8BEA17E/AA_YH_1515,22,0,亚马逊中国,amazon.cn,http://www.smzdm.com/youhui/,2016-03-11 08:15:00,33,dislike
6045671,?,0,Thermos 膳魔师 FOOGO真空绝缘不锈钢 10盎司（286g）粉色/紫色,34,03-10 22:23,3,?,跨境,61,6045671,2016-05-09 23:33:30,false,￥61.98+￥28.28直邮中国（合￥90.26）,?,日用百货,?,19,winckylin,http://www.smzdm.com/mall/amazon_b/,0,145761979672,0,http://www.smzdm.com/p/6045671/,?,349,http://www.smzdm.com/gourl/61A56D8435388C04/AA_YH_1515,37,0,亚马逊海外购,amazon.cn,http://www.smzdm.com/kuajing/,2016-03-10 22:23:00,61.98,dislike
6041263,?,0,《花卉圣经：世界最伟大的花卉图谱》,32,03-07 21:52,3,?,国内,132,6041263,2016-05-09 23:34:16,false,136.1元包邮，可满200减100,?,图书音像,?,31,?,http://www.smzdm.com/mall/jd/,0,145735877298,0,http://www.smzdm.com/p/6041263/,?,213,http://www.smzdm.com/gourl/99E804F084D99D23/AA_YH_7,39,0,京东,jd.com,http://www.smzdm.com/youhui/,2016-03-07 21:52:00,136.1,dislike
6038586,?,0,移动端：Logitech 罗技 UE900s 四单元动铁 入耳式耳机,98,03-05 14:08,3,?,售罄,28,6038586,2016-05-09 23:34:50,true,1269元包邮,?,电脑数码,?,118,二小姐家那位,http://www.smzdm.com/mall/jd_ebay/,0,145715809340,1,http://www.smzdm.com/p/6038586/,?,135,http://www.smzdm.com/gourl/B753245B409E3F3A/AA_YH_163,77,0,京东全球购eBay精选,jd.com,http://www.smzdm.com/kuajing/,2016-03-05 14:08:00,1269,buy
6035679,?,0,SAHARA 撒哈拉 超级基地 X800 豪华版 机箱,141,03-03 10:07,3,?,国内,174,6035679,2016-05-09 23:35:24,false,199元包邮,?,电脑数码,?,41,随意de旋转,http://www.smzdm.com/mall/jd/,0,145697083993,0,http://www.smzdm.com/p/6035679/,?,263,http://www.smzdm.com/gourl/552C96576D8351D6/AA_YH_163,195,0,京东,jd.com,http://www.smzdm.com/youhui/,2016-03-03 10:07:00,199,buy
6035308,?,0,EVGA GTX970 4G SSC ACX 2.0 显卡,227,03-02 20:52,3,?,售罄,161,6035308,2016-05-09 23:35:30,true,1899元包邮,?,电脑数码,?,34,显卡吧大刀队,http://www.smzdm.com/mall/yixun/,0,145692314541,1,http://www.smzdm.com/p/6035308/,?,361,http://www.smzdm.com/gourl/95F8705DB396BD17/AA_YH_163,571,0,易迅网,yixun.com,http://www.smzdm.com/youhui/,2016-03-02 20:52:00,1899,buy
6034953,?,0,ROCKPORT 乐步 Total Motion 75mm 女款高跟鞋,22,03-02 16:03,3,rel=”nofollow”,海淘,37,6034953,2016-05-09 23:35:34,false,$47.96（需用码，约￥400）,?,服饰鞋包,?,8,bravobai,http://www.smzdm.com/mall/shoebuy/,0,145690580691,0,http://www.smzdm.com/p/6034953/,?,341,http://www.smzdm.com/gourl/15F0303E94EA7E61/AA_HT_57,22,0,Shoebuy,viglink.com,http://haitao.smzdm.com/,2016-03-02 16:03:00,400,dislike
6034062,?,0,Cailler 凯雅 精选淋酱巧克力礼盒 136g（20块）*2盒,87,03-02 02:00,3,?,国内,105,6034062,2016-05-09 23:35:44,false,118.8元包邮（2件6折后）,?,食品保健,?,30,小萌朵,http://www.smzdm.com/mall/amazon_cn/,0,145685521083,0,http://www.smzdm.com/p/6034062/,?,255,http://www.smzdm.com/gourl/1A8DEA600B6A5548/AA_YH_95,79,0,亚马逊中国,amazon.cn,http://www.smzdm.com/youhui/,2016-03-02 02:00:00,118.8,buy
6033827,?,0,限华北：JonDonaire Dessert 约翰·丹尼 特制提拉米苏蛋糕 720g（9块）*2盒,109,03-01 22:24,3,?,国内,105,6033827,2016-05-09 23:35:46,false,138元包邮，有晒单,?,食品保健,?,92,skyseeker,http://www.smzdm.com/mall/womai/,0,145684224567,0,http://www.smzdm.com/p/6033827/,?,255,http://www.smzdm.com/gourl/10337513BE91F03F/AA_YH_95,31,0,中粮我买网,womai.com,http://www.smzdm.com/youhui/,2016-03-01 22:24:00,138,buy
6032978,?,0,HAN 不锈钢 光学眼镜架HD4934（3色）+1.60防蓝光镜片+来益叶黄素咀嚼片 450mg*10片,54,03-01 13:16,3,?,国内,184,6032978,2016-05-09 23:35:56,false,99元包邮,?,个护化妆,?,18,?,http://www.smzdm.com/mall/keede/,0,145681237577,0,http://www.smzdm.com/p/6032978/,?,567,http://www.smzdm.com/gourl/DDED83FA3792A0C1/AA_YH_113,78,0,可得眼镜网,keede.com,http://www.smzdm.com/youhui/,2016-03-01 13:16:00,99,buy
6032809,?,0,促销活动：京东 DELL戴尔 笔记本,184,03-01 11:39,3,?,国内,60,6032809,2016-05-09 23:36:01,false,每满1000减100,?,?,?,85,?,http://www.smzdm.com/mall/jd/,0,145680359535,0,http://www.smzdm.com/p/6032809/,?,111,http://www.smzdm.com/gourl/A3E3C0117BCC040F/AA_YH_0,71,0,京东,jd.com,http://www.smzdm.com/youhui/,2016-03-01 11:39:00,1000,buy
6032772,?,0,必领优惠券：京东 会员礼包 全品类,327,03-01 11:21,3,?,国内,261,6032772,2016-05-09 23:36:01,false,300-20/500-40等,?,电脑数码,?,152,?,http://www.smzdm.com/mall/jd/,0,145680250429,0,http://www.smzdm.com/p/6032772/,?,263,http://www.smzdm.com/gourl/1281A1FD87867CA9/AA_YH_163,117,0,京东,jd.com,http://www.smzdm.com/youhui/,2016-03-01 11:21:00,0,buy
6032408,?,0,Logitech 罗技 G500s 第一人称射击激光游戏鼠标,600,03-01 08:11,3,?,国内,127,6032408,2016-05-09 23:36:08,false,209元包邮(249-40),?,电脑数码,?,20,残骸散了,http://www.smzdm.com/mall/jd/,0,145679110153,0,http://www.smzdm.com/p/6032408/,?,263,http://www.smzdm.com/gourl/0A69D808D1128EC5/AA_YH_163,311,0,京东,jd.com,http://www.smzdm.com/youhui/,2016-03-01 08:11:00,209,buy
6032359,?,0,Microsoft 微软 Xbox One手柄 PC无线适配器,173,03-01 01:03,3,?,国内,87,6032359,2016-05-09 23:36:08,false,159元包邮（需用券，199-40）,?,电脑数码,?,57,unclefuckca,http://www.smzdm.com/mall/jd/,0,145676539642,0,http://www.smzdm.com/p/6032359/,?,569,http://www.smzdm.com/gourl/B116BE0E321CF096/AA_YH_163,84,0,京东,jd.com,http://www.smzdm.com/youhui/,2016-03-01 01:03:00,159,buy
6032182,?,0,23点限量预售：HTC Vive VR 虚拟现实套装,404,02-29 22:19,3,?,国内,68,6032182,2016-05-09 23:36:10,false,6888元包邮,?,电脑数码,?,992,?,http://www.smzdm.com/mall/htc_cn/,0,145675553625,0,http://www.smzdm.com/p/6032182/,?,361,http://www.htcvive.com/cn/,181,0,HTC中国官网,htcvive.com,http://www.smzdm.com/youhui/,2016-03-01 22:19:00,6888,buy
6030781,?,0,Kipling 凯浦林 Sunita 女款单肩包,42,02-28 15:02,3,rel=”nofollow”,海淘,49,6030781,2016-05-09 23:36:26,false,£21.42+£6.4直邮中国（合￥253）,?,服饰鞋包,?,33,咪咪妹妹,http://www.smzdm.com/mall/amazon_uk/,0,145664297766,0,http://www.smzdm.com/p/6030781/,?,341,http://www.smzdm.com/gourl/BEB239FC99F48386/AA_HT_57,19,0,英国亚马逊,amazon.co.uk,http://haitao.smzdm.com/,2016-02-28 15:02:00,253,dislike
6030737,?,0,COLE HAAN Eva SmartPhone 女款真皮钱包,42,02-28 14:38,3,?,跨境,78,6030737,2016-05-09 23:36:26,false,￥296.45+￥12.63直邮中国（合￥309）,?,服饰鞋包,?,31,maplelsd,http://www.smzdm.com/mall/amazon_b/,0,145664149164,0,http://www.smzdm.com/p/6030737/,?,341,http://www.smzdm.com/gourl/842C0A01B0ADBEDB/AA_YH_57,36,0,亚马逊海外购,amazon.cn,http://www.smzdm.com/kuajing/,2016-02-28 14:38:00,296.45,dislike
6030711,?,0,whisper 护舒宝 幻彩·极护 卫生巾 礼盒装（日用9片*3包+夜用12片）+ 纯肌 卫生护垫 36片*2盒,209,02-28 14:13,3,?,国内,81,6030711,2016-05-09 23:36:26,false,59.9元包邮（99.9-40）,?,个护化妆,?,26,挽如,http://www.smzdm.com/mall/jd/,0,145664002162,0,http://www.smzdm.com/p/6030711/,?,391,http://www.smzdm.com/gourl/A3175983C2E17582/AA_YH_113,121,0,京东,jd.com,http://www.smzdm.com/youhui/,2016-02-28 14:13:00,59.9,dislike
6030703,?,0,移动端：Salvatore Ferragamo LA系列 SUSI100 女款真皮高跟鞋,44,02-28 14:10,3,?,国内,71,6030703,2016-05-09 23:36:26,false,999元,?,服饰鞋包,?,19,jumpinghe,http://www.smzdm.com/mall/jd/,0,145663982261,0,http://www.smzdm.com/p/6030703/,?,341,http://www.smzdm.com/gourl/4DC859CD819C107B/AA_YH_57,100,0,京东,jd.com,http://www.smzdm.com/youhui/,2016-02-28 14:10:00,999,dislike
6030650,?,0,SENNHEISER 森海塞尔 PC350 SE版 压耳式头戴 游戏耳机,21,02-28 13:27,3,rel=”nofollow”,海淘,21,6030650,2016-05-09 23:36:26,false,€76.84+€23.66直邮中国（约￥720）,?,电脑数码,?,45,stjk,http://www.smzdm.com/mall/amazon_de/,0,145663726958,0,http://www.smzdm.com/p/6030650/,?,111,http://www.smzdm.com/gourl/E1B2276DE3C09910/AA_HT_163,25,0,德国亚马逊,amazon.de,http://haitao.smzdm.com/,2016-02-28 13:27:00,720,dislike
6022019,?,0,海淘活动：MICHAEL Michael Kors 精选包袋,58,02-27 10:49,3,rel=”nofollow”,海淘,62,6022019,2016-05-09 23:36:34,false,低至4折,?,服饰鞋包,?,22,兔子如,http://www.smzdm.com/mall/6pm/,0,145654136977,0,http://www.smzdm.com/p/6022019/,?,475,http://www.smzdm.com/gourl/03C913E38864D076/AA_HT_57,27,0,6PM,6pm.com,http://haitao.smzdm.com/,2016-02-27 10:49:00,4,dislike
6029843,?,0,ZOJIRUSHI 象印 SM-JD36 不锈钢保温杯,156,02-27 10:44,3,rel=”nofollow”,海淘,58,6029843,2016-05-09 23:36:34,false,1654日元,?,日用百货,?,30,zhangtaops,http://www.smzdm.com/mall/amazon_jp/,0,145654104376,0,http://www.smzdm.com/p/6029843/,?,427,http://www.smzdm.com/gourl/121E4C463D392323/AA_HT_1515,26,0,日本亚马逊,amazon.co.jp,http://haitao.smzdm.com/,2016-02-27 10:44:00,1654,dislike
6029826,?,0,微信端：HUGGIES 好奇 银装干爽 舒适纸尿裤 XL104片,147,02-27 10:36,3,?,国内,62,6029826,2016-05-09 23:36:34,false,125元包邮,?,母婴用品,?,26,小苹果安宁,http://www.smzdm.com/mall/jd/,0,145654058674,0,http://www.smzdm.com/p/6029826/,?,427,http://www.smzdm.com/gourl/2532EB5AD22E95DF/AA_WX_75,80,0,京东,jd.com,http://www.smzdm.com/youhui/,2016-02-27 10:36:00,125,dislike
6029793,?,0,MICHAEL Michael Kors Selma Mini 女士斜挎包,123,02-27 09:59,3,rel=”nofollow”,海淘,250,6029793,2016-05-09 23:36:36,false,$89.99（约￥700）,?,服饰鞋包,?,47,小苹果安宁,http://www.smzdm.com/mall/6pm/,0,145653839170,0,http://www.smzdm.com/p/6029793/,?,475,http://www.smzdm.com/gourl/A54AED7610A27B35/AA_HT_57,52,0,6PM,6pm.com,http://haitao.smzdm.com/,2016-02-27 09:59:00,700,dislike
6029725,?,0,Yellow Tail 黄尾袋鼠 赤霞珠红葡萄酒750ml*12瓶,58,02-27 08:56,3,?,售罄,86,6029725,2016-05-09 23:36:36,true,358元包邮,?,食品保健,?,23,宝宝不乖,http://www.smzdm.com/mall/amazon_cn/,0,145653456362,1,http://www.smzdm.com/p/6029725/,?,427,http://www.smzdm.com/gourl/53A6AD03AB8F172F/AA_YH_95,123,0,亚马逊中国,amazon.cn,http://www.smzdm.com/youhui/,2016-02-27 08:56:00,358,dislike
25396,?,?,喜迎官方中文版：Nintendo 任天堂正式公布《口袋妖怪 太阳/月亮》,542,02-27 01:03,6,null,资讯,104,25396,2016-05-09 23:36:36,?,?,null,图书音像,?,?,?,?,0,145650620660,?,http://news.smzdm.com/p/25396/,?,325,null,?,?,?,false,http://news.smzdm.com/,2016-02-27 01:03:00,0,view
6024450,?,0,SONY 索尼 ILCE-6000L 16-50mm 微单套机,102,02-22 22:32,3,?,国内,77,6024450,2016-05-09 23:39:22,false,3499元包邮,?,电脑数码,?,34,rusel123,http://www.smzdm.com/mall/zm7/,0,145615157800,0,http://www.smzdm.com/p/6024450/,?,135,http://www.smzdm.com/gourl/D6ACA3F09C2B9A3C/AA_YH_163,69,0,卓美网,zm7.cn,http://www.smzdm.com/youhui/,2016-02-22 22:32:00,3499,view
6024288,?,0,MEN S MAX SMART 双头可开口飞机杯,673,02-22 20:25,3,?,国内,537,6024288,2016-05-09 23:39:24,false,49元,?,日用百货,?,62,来个包子,http://www.smzdm.com/mall/taohwu/,0,145614391976,0,http://www.smzdm.com/p/6024288/,?,349,http://www.smzdm.com/gourl/01016F046B9215AF/AA_YH_1515,661,0,桃花坞,taohwu.com,http://www.smzdm.com/youhui/,2016-02-22 20:25:00,49,view
25188,?,?,Z5之上臻于完美：Sony 索尼 发布 Xperia X Performance 旗舰手机,361,02-22 17:27,6,null,资讯,111,25188,2016-05-09 23:39:28,?,?,null,电脑数码,?,?,?,?,0,145613324243,?,http://news.smzdm.com/p/25188/,?,361,null,?,?,?,false,http://news.smzdm.com/,2016-02-22 17:27:00,0,view
6023219,?,0,DELL 戴尔 UltraSharp U2515H 25英寸 2K IPS液晶显示器,270,02-22 10:27,3,?,国内,146,6023219,2016-05-09 23:39:36,false,2399元包邮（2699-300）,?,电脑数码,?,39,先入了再说,http://www.smzdm.com/mall/jd/,0,145610803364,0,http://www.smzdm.com/p/6023219/,?,111,http://www.smzdm.com/gourl/33EB3527817F59FD/AA_YH_163,188,0,京东,jd.com,http://www.smzdm.com/youhui/,2016-02-22 10:27:00,2399,view
6020948,?,0,ALIENWARE 外星人 17R3 17.3寸游戏笔记本（i7-6820HK/16G/1T HHD+128GB/GTX 980M）,273,02-19 12:31,3,rel=”nofollow”,海淘,194,6020948,2016-05-09 23:40:15,false,$1899.99（需用码、含税13848元）,?,电脑数码,?,55,amdkazki,http://www.smzdm.com/mall/dell/,0,145585630717,0,http://www.smzdm.com/p/6020948/,?,375,http://www.smzdm.com/gourl/6DB010A15D0DB716/AA_HT_163,403,0,DELL美国官网,dell.com,http://haitao.smzdm.com/,2016-02-19 12:31:00,1899.99,view
398,?,?,不只是情怀和信仰：索尼大法那些 值得买好物,43,02-17 10:59,14,?,百科,1086,398,2016-05-09 23:40:16,?,?,?,?,?,?,?,?,0,145584690098,?,http://wiki.smzdm.com/huati/398/,?,?,?,?,?,?,?,http://wiki.smzdm.com/,2016-02-17 10:59:00,0,view
6020605,?,0,深夜白菜特价包邮 木制陀螺 冰块模具 麻薯组合等,70,02-18 23:34,3,?,国内,37,6020605,2016-05-09 23:40:18,false,20160218,?,日用百货,?,16,?,http://www.smzdm.com/mall/tmall/,0,145580965170,0,http://www.smzdm.com/p/6020605/,?,521,http://www.smzdm.com/tag/白菜党/youhui,73,0,天猫精选,smzdm.com,http://www.smzdm.com/youhui/,2016-02-18 23:34:00,20160218,view
6019795,?,0,Haier 海尔 EC6001-C 60升 电热水器,65,02-18 11:39,3,?,国内,99,6019795,2016-05-09 23:40:30,false,599元包邮,?,家用电器,?,10,哈哈哈哈-,http://www.smzdm.com/mall/yixun/,0,145576674364,0,http://www.smzdm.com/p/6019795/,?,135,http://www.smzdm.com/gourl/05BA6617C18538B7/AA_YH_27,77,0,易迅网,yixun.com,http://www.smzdm.com/youhui/,2016-02-18 11:39:00,599,view
6019618,?,0,新低价：Sapphire 蓝宝石 Radeon R9 Nano 4GB HBM 显卡,190,02-18 09:28,3,rel=”nofollow”,海淘,52,6019618,2016-05-09 23:40:32,false,￥3146.84+￥360.45含税直邮（合￥3508）,?,电脑数码,?,26,你好的,http://www.smzdm.com/mall/amazon_b/,0,145575889739,0,http://www.smzdm.com/p/6019618/,?,135,http://www.smzdm.com/gourl/B7DF7C934A4C1B89/AA_HT_163,329,0,亚马逊海外购,amazon.cn,http://haitao.smzdm.com/,2016-02-18 09:28:00,3146.84,view
6019265,?,0,Shun 旬 VB0718 多用刀,67,02-17 19:31,3,rel=”nofollow”,海淘,119,6019265,2016-05-09 23:40:38,false,$59.95（约¥420）,?,日用百货,?,39,冰原之柱,http://www.smzdm.com/mall/amazon/,0,145570870773,0,http://www.smzdm.com/p/6019265/,?,159,http://www.smzdm.com/gourl/9C49BB9B9039AD4E/AA_HT_1515,39,0,美国亚马逊,amazon.com,http://haitao.smzdm.com/,2016-02-17 19:31:00,59.95,view
6128233,?,0,AKG 爱科技 K701 头戴式监听耳机,75,10:16,3,?,国内,14,6128233,2016-05-15 11:39:16,false,999元包邮,?,电脑数码,?,21,槐夏,http://www.smzdm.com/mall/amazon_cn/,0,146327858676,0,http://www.smzdm.com/p/6128233/,?,361,http://www.smzdm.com/gourl/2861221DBB2FE80F/AA_YH_163,99,0,亚马逊中国,amazon.cn,http://www.smzdm.com/youhui/,2016-05-15 10:16:00,999,buy
6128010,?,0,移动端：Wonderful 万多福 加州开心果 经典盐焗味 258g,74,05-14 18:33,3,?,国内,59,6128010,2016-05-15 11:39:21,false,39.9元，可99-50,?,食品保健,?,103,whoamisy,http://www.smzdm.com/mall/jd/,0,146322202721,0,http://www.smzdm.com/p/6128010/,?,521,http://www.smzdm.com/gourl/C59F5C4F1F55E8CA/AA_YH_95,30,0,京东,jd.com,http://www.smzdm.com/youhui/,2016-05-14 18:33:00,39.9,buy
6126970,?,0,移动端华南西北：Libero 丽贝乐 纸尿裤 M84片*3件,56,05-13 17:25,3,?,国内,9,6126970,2016-05-15 11:39:37,false,333.6元包邮（3件8折后）,?,母婴用品,?,24,samee,http://www.smzdm.com/mall/jd/,0,146313153865,0,http://www.smzdm.com/p/6126970/,?,159,http://www.smzdm.com/gourl/11D6672C0AC23D93/AA_YH_75,11,0,京东,jd.com,http://www.smzdm.com/youhui/,2016-05-13 17:25:00,333.6,dislike
6124330,?,0,KANSOON 凯速 KA-Baden 双向动感单车,98,05-12 08:00,3,?,国内,68,6124330,2016-05-15 11:40:07,false,718元包邮,?,运动户外,?,72,色魔张小鬼,http://www.smzdm.com/mall/amazon_cn/,0,146301123576,0,http://www.smzdm.com/p/6124330/,?,481,http://www.smzdm.com/gourl/1E88C9F2220C4F5A/AA_YH_191,58,0,亚马逊中国,amazon.cn,http://www.smzdm.com/youhui/,2016-05-12 08:00:00,718,dislike
6124206,?,0,ReFa 黎珐 CARAT PEC-L1706 铂金电子滚轮 美容仪,119,05-11 21:01,3,?,国内,89,6124206,2016-05-15 11:40:09,false,1177.49元包邮（双重优惠）,?,家用电器,?,33,deathmask_wang,http://www.smzdm.com/mall/amazon_cn/,0,146297169755,0,http://www.smzdm.com/p/6124206/,?,135,http://www.smzdm.com/gourl/6B218C0BE5EA590B/AA_YH_27,59,0,亚马逊中国,amazon.cn,http://www.smzdm.com/youhui/,2016-05-11 21:01:00,1177.49,dislike
6123932,?,0,自由行：北京-迪拜 6天4晚自由行（往返含税机票+马奎斯JW万豪酒店4晚含早+签证）,63,05-11 17:15,3,?,国内,75,6123932,2016-05-15 11:40:11,false,5999元,?,其他分类,?,17,zkj472450,http://www.smzdm.com/mall/alitrip/,0,146295815630,0,http://www.smzdm.com/p/6123932/,?,707,http://item.taobao.com/item.htm?id=523781642070,152,0,阿里旅行,alitrip.com,http://www.smzdm.com/youhui/,2016-05-11 17:15:00,5999,dislike
6123832,?,0,Pampers 帮宝适 超薄干爽 拉拉裤 XL72片,63,05-11 16:15,3,?,国内,41,6123832,2016-05-15 11:40:13,false,99元包邮,?,母婴用品,?,20,"Batman888,Young-Ou",http://www.smzdm.com/mall/jd/,0,146295454517,0,http://www.smzdm.com/p/6123832/,?,159,http://www.smzdm.com/gourl/9C0914EBD7581F7A/AA_YH_75,49,0,京东,jd.com,http://www.smzdm.com/youhui/,2016-05-11 16:15:00,99,dislike
6123519,?,1,Ameda Purely Yours Ultra 双边电动吸奶器套装,75,05-11 14:41,3,?,过期,34,6123519,2016-05-15 11:40:15,true,1169元（Z秒杀）包邮,?,母婴用品,?,22,Tulantou,http://www.smzdm.com/mall/amazon_cn/,0,146294887696,0,http://www.smzdm.com/p/6123519/,?,711,http://www.smzdm.com/gourl/20B5C385FAE164F0/AA_YH_75,33,0,亚马逊中国,amazon.cn,http://www.smzdm.com/youhui/,2016-05-11 14:41:00,1169,dislike
6122445,?,0,Calvin Klein INCLINED  K4C2S616 女士时装腕表,9,05-10 19:03,3,rel=”nofollow”,海淘,19,6122445,2016-05-15 11:40:27,false,$79.99（需用码，约￥570）,?,礼品钟表,?,19,説书人,http://www.smzdm.com/mall/ashford/,0,146287818463,0,http://www.smzdm.com/p/6122445/,?,305,http://www.smzdm.com/gourl/5A3023345CEE674B/AA_HT_131,9,0,Ashford,ashford.com,http://haitao.smzdm.com/,2016-05-10 19:03:00,570,dislike
6122480,?,0,东来顺 古法浓汁羊蝎子 970g *3件,199,05-10 18:24,3,?,国内,91,6122480,2016-05-15 11:40:27,false,99.9元包邮,?,食品保健,?,163,wjgwzywsh,http://www.smzdm.com/mall/jd/,0,146287587059,0,http://www.smzdm.com/p/6122480/,?,521,http://www.smzdm.com/gourl/8798CE03BC326E82/AA_YH_95,60,0,京东,jd.com,http://www.smzdm.com/youhui/,2016-05-10 18:24:00,99.9,buy
6121424,?,0,Salus Floradix 孕妇成人补铁补血补气 700ml,63,05-10 16:15,3,rel=”nofollow”,海淘,121,6121424,2016-05-15 11:40:31,false,€15.99可直邮,?,食品保健,?,23,?,http://www.smzdm.com/mall/wohlheit/,0,146286815130,0,http://www.smzdm.com/p/6121424/,?,523,http://www.smzdm.com/gourl/7444CBD4F0752318/AA_HT_95,15,0,wohlheit中文官网,wohlheit.de,http://haitao.smzdm.com/,2016-05-10 16:15:00,15.99,dislike
6122209,?,0,HiPP 喜宝 BIO Combiotik 有机益生菌奶粉 2段 600g,119,05-10 16:09,3,?,跨境,20,6122209,2016-05-15 11:40:31,false,79元,?,母婴用品,?,8,林溪飞扬,http://www.smzdm.com/mall/jd_hk/,0,146286777329,0,http://www.smzdm.com/p/6122209/,?,159,http://www.smzdm.com/gourl/CC84A3C41786F1C6/AA_YH_75,30,0,京东全球购,jd.com,http://www.smzdm.com/kuajing/,2016-05-10 16:09:00,79,dislike
6122129,?,0,pigeon 贝亲 婴儿真绵实感 纸尿裤 M128片,75,05-10 15:31,3,?,国内,22,6122129,2016-05-15 11:40:31,false,129元包邮,?,母婴用品,?,11,mr_high,http://www.smzdm.com/mall/jd/,0,146286549620,0,http://www.smzdm.com/p/6122129/,?,159,http://www.smzdm.com/gourl/01C8EE37E55161EE/AA_YH_75,21,0,京东,jd.com,http://www.smzdm.com/youhui/,2016-05-10 15:31:00,129,dislike
6122071,?,0,新低价：NEW CHAPTER 新章 Wholemega Prenatal 孕妇专用鱼油保健品 90粒,28,05-10 15:18,3,rel=”nofollow”,海淘,42,6122071,2016-05-15 11:40:31,false,$11.77（需Coupon）,?,母婴用品,?,7,残夙,http://www.smzdm.com/mall/amazon/,0,146286470515,0,http://www.smzdm.com/p/6122071/,?,417,http://www.smzdm.com/gourl/DDD5226BA381875F/AA_HT_75,13,0,美国亚马逊,amazon.com,http://haitao.smzdm.com/,2016-05-10 15:18:00,11.77,dislike
6122018,?,0,PRADA 普拉达 Minimal Baroque 0PR 27OS-1AB3M1-54 女款太阳镜,29,05-10 15:14,3,rel=”nofollow”,海淘,38,6122018,2016-05-15 11:40:33,false,$135.76（需用码，约￥940）,?,服饰鞋包,?,22,?,http://www.smzdm.com/mall/jomashop/,0,146286449412,0,http://www.smzdm.com/p/6122018/,?,475,http://www.smzdm.com/gourl/1EEBA9616C9C2B3A/AA_HT_57,35,0,JOMASHOP,jomashop.com,http://haitao.smzdm.com/,2016-05-10 15:14:00,940,dislike
6121873,?,0,新低价：Barbie 芭比 Collector CGK90 芭蕾心愿 娃娃玩具,11,05-10 14:18,3,?,国内,8,6121873,2016-05-15 11:40:33,false,159.9元包邮,?,玩模乐器,?,24,dudu17,http://www.smzdm.com/mall/tmall/,0,146286110001,0,http://www.smzdm.com/p/6121873/,?,213,http://detail.tmall.com/item.htm?id=525006995609,9,0,天猫精选,tmall.com,http://www.smzdm.com/youhui/,2016-05-10 14:18:00,159.9,dislike
6121813,?,0,BANG & OLUFSEN PLAY BeoPlay H6 头戴式耳机,81,05-10 13:57,3,rel=”nofollow”,海淘,64,6121813,2016-05-15 11:40:33,false,£149直邮中国（约￥1400，需用码）,?,电脑数码,?,15,?,http://www.smzdm.com/mall/iwantoneofthose/,0,146285982695,0,http://www.smzdm.com/p/6121813/,?,419,http://www.smzdm.com/gourl/CC9D82CD67D880C8/AA_HT_163,116,0,IWOOT,iwantoneofthose.com,http://haitao.smzdm.com/,2016-05-10 13:57:00,1400,buy
6121666,?,0,HR 赫莲娜 PRODIGY POWERCELL 悦活新生肌源 眼部修护精华乳 15ml,15,05-10 13:27,3,rel=”nofollow”,海淘,29,6121666,2016-05-15 11:40:35,false,368元包直邮（需用码）,?,个护化妆,?,18,aboylove,http://www.smzdm.com/mall/sasa/,0,146285808487,0,http://www.smzdm.com/p/6121666/,?,329,http://www.smzdm.com/gourl/BA0BC802F6D3EE0C/AA_HT_113,14,0,莎莎网,sasa.com,http://haitao.smzdm.com/,2016-05-10 13:27:00,368,dislike
6121727,?,0,移动端：MAXI-COSI Pria 70 儿童安全座椅,72,05-10 13:26,3,?,跨境,45,6121727,2016-05-15 11:40:35,false,1599元包邮,?,汽车用品,?,33,wuailiunian,http://www.smzdm.com/mall/jd_hk/,0,146285797584,0,http://www.smzdm.com/p/6121727/,?,711,http://www.smzdm.com/gourl/A36B33884AAEFD45/AA_YH_147,17,0,京东全球购,jd.com,http://www.smzdm.com/kuajing/,2016-05-10 13:26:00,1599,dislike
6121617,?,0,Ray·Ban 雷朋 ORX6281D 金属眼镜架+ Ray·Ban 雷朋 ORX5315D 板材眼镜架+1.60非球面树脂镜片,69,05-10 11:52,3,?,国内,169,6121617,2016-05-15 11:40:37,false,409元包邮,?,个护化妆,?,172,mikey888,http://www.smzdm.com/mall/keede/,0,146285237170,0,http://www.smzdm.com/p/6121617/,?,341,http://www.smzdm.com/gourl/FB171D8A9DA3045C/AA_YH_113,47,0,可得眼镜网,keede.com,http://www.smzdm.com/youhui/,2016-05-10 11:52:00,409,dislike
6121521,?,0,新低价：Jessica Simpson 杰西卡 Double Breasted Envelope Collar 女士双排扣大衣,8,05-10 11:39,3,rel=”nofollow”,海淘,9,6121521,2016-05-15 11:40:37,false,$55（约￥570）,?,服饰鞋包,?,3,汪琛1234,http://www.smzdm.com/mall/6pm/,0,146285160865,0,http://www.smzdm.com/p/6121521/,?,341,http://www.smzdm.com/gourl/AFD1F8C9DA5D9031/AA_HT_57,18,0,6PM,6pm.com,http://haitao.smzdm.com/,2016-05-10 11:39:00,570,dislike
6121431,?,0,IOPE 艾诺碧 Air Cushion XP 气垫防晒粉饼（15g+替换装15g）,124,05-10 10:35,3,rel=”nofollow”,海淘,70,6121431,2016-05-15 11:40:39,false,120元包邮,?,个护化妆,?,12,无墙之城,http://www.smzdm.com/mall/memebox/,0,146284773646,0,http://www.smzdm.com/p/6121431/,?,673,http://www.smzdm.com/gourl/3FDBC63FA7E990F3/AA_HT_113,54,0,MEMEBOX,memebox.com,http://haitao.smzdm.com/,2016-05-10 10:35:00,120,dislike
6120924,?,0,GOO.N 大王纸尿裤 维E系列婴幼儿尿不湿 M码68片 3包装,45,05-10 10:32,3,?,售罄,22,6120924,2016-05-15 11:40:39,true,208.13元包邮含税,?,母婴用品,?,9,?,http://www.smzdm.com/mall/kuajing/,0,146284752444,1,http://www.smzdm.com/p/6120924/,?,723,http://www.smzdm.com/gourl/3DC5A5519EF79521/AA_YH_75,23,0,跨境网,kuajing.com,http://www.smzdm.com/youhui/,2016-05-10 10:32:00,208.13,dislike
6160616,?,1,再特价：SONY 索尼  SRS-X77 蓝牙音箱,945,06-06 10:39,3,rel= nofollow,过期,141,6160616,2016-06-07 00:04:06,true,999元包邮,?,电脑数码,?,39,井苔君,http://www.smzdm.com/mall/jd/,0,146518075608,0,http://www.smzdm.com/p/6160616/,?,731,https://go.smzdm.com/372eeb623cd86bec/ca_aa_yh_163_6160616_731_249_175,592,0,京东,jd.com,http://www.smzdm.com/youhui/,2016-06-06 10:39:00,999,buy
6155767,?,0,ZOJIRUSHI 象印 SM-AFE50 500ml 真空保温杯 多色可选,354,06-03 01:07,3,rel= nofollow,售罄,140,6155767,2016-06-07 00:05:38,true,109元包邮（双重优惠，赠100京豆）,?,日用百货,?,41,_野鹤_,http://www.smzdm.com/mall/jd/,0,146489550074,1,http://www.smzdm.com/p/6155767/,?,0,https://go.smzdm.com/6db8bf74d0127ea6/ca_aa_yh_1515_6155767_0_4689_47,305,0,京东,jd.com,http://www.smzdm.com/youhui/,2016-06-03 01:07:00,109,view
6155724,?,0,移动端，12时开始：newifi 新路由 mini 1200M AC双频智能路由器,423,06-03 00:44,3,rel= nofollow,国内,301,6155724,2016-06-07 00:05:40,false,69元,?,电脑数码,?,66,nicolao,http://www.smzdm.com/mall/jd/,0,146488587061,0,http://www.smzdm.com/p/6155724/,?,135,https://go.smzdm.com/cb6e57f9024fe064/ca_aa_yh_163_6155724_135_19543_185,317,0,京东,jd.com,http://www.smzdm.com/youhui/,2016-06-03 00:44:00,69,view
6155494,?,0,移动端：SONY 索尼 PHA-3 便携式 耳机放大器,120,06-02 22:23,3,rel= nofollow,售罄,54,6155494,2016-06-07 00:05:44,true,3789元包邮（4289-500）,?,电脑数码,?,42,改不了吃土,http://www.smzdm.com/mall/jd/,0,146487740625,1,http://www.smzdm.com/p/6155494/,?,135,https://go.smzdm.com/95c6ade3c44e6a09/ca_aa_yh_163_6155494_135_249_175,420,0,京东,jd.com,http://www.smzdm.com/youhui/,2016-06-02 22:23:00,3789,buy
6152844,?,0,SONY 索尼 PHA-2 便携式耳机放大器,99,06-01 15:31,3,rel= nofollow,国内,61,6152844,2016-06-07 00:06:24,false,1999元包邮（2499-500）,?,电脑数码,?,50,啊111飞,http://www.smzdm.com/mall/jd/,0,146476631914,0,http://www.smzdm.com/p/6152844/,?,135,https://go.smzdm.com/e21205858814e1cc/ca_aa_yh_163_6152844_135_249_175,180,0,京东,jd.com,http://www.smzdm.com/youhui/,2016-06-01 15:31:00,1999,buy
6152141,?,0,优惠券：京东 会员礼包券,115,06-01 11:50,3,rel= nofollow,国内,110,6152141,2016-06-07 00:06:34,false,满300减15，满500减30,?,家用电器,?,103,_wengbf_,http://www.smzdm.com/mall/jd/,0,146475305901,0,http://www.smzdm.com/p/6152141/,?,495,https://go.smzdm.com/2b1de69821eccf07/ca_aa_yh_27_6152141_495_0_0,32,0,京东,jd.com,http://www.smzdm.com/youhui/,2016-06-01 11:50:00,300,buy
6151005,?,0,SONY 索尼  SRS-X77 蓝牙音箱,1049,06-01 11:17,3,rel= nofollow,国内,128,6151005,2016-06-07 00:06:36,false,999元包邮,?,电脑数码,?,96,?,http://www.smzdm.com/mall/jd/,0,146475104378,0,http://www.smzdm.com/p/6151005/,?,189,https://go.smzdm.com/372eeb623cd86bec/ca_aa_yh_163_6151005_189_249_175,176,0,京东,jd.com,http://www.smzdm.com/youhui/,2016-06-01 11:17:00,999,buy
6151911,?,0,Letv 乐视 QC2.0 双向快充移动电源 13400mAh *2件,505,06-01 10:59,3,rel= nofollow,国内,158,6151911,2016-06-07 00:06:38,false,158元包邮，合79元/件,?,电脑数码,?,337,"风吹草低见小白,君乐宝51",http://www.smzdm.com/mall/jd/,0,146474999665,0,http://www.smzdm.com/p/6151911/,?,189,https://go.smzdm.com/4ebac99170dd0f4c/ca_aa_yh_163_6151911_189_1897_171,140,0,京东,jd.com,http://www.smzdm.com/youhui/,2016-06-01 10:59:00,158,buy
6151443,?,0,Westone 威士顿 um pro 30 三单元动铁入耳式耳机,149,06-01 03:53,3,rel= nofollow,国内,61,6151443,2016-06-07 00:06:50,false,1550元包邮（双重优惠）,?,电脑数码,?,18,vvincent,http://www.smzdm.com/mall/jd/,0,146472441740,0,http://www.smzdm.com/p/6151443/,?,135,https://go.smzdm.com/a00382677830cf7c/ca_aa_yh_163_6151443_135_5661_175,93,0,京东,jd.com,http://www.smzdm.com/youhui/,2016-06-01 03:53:00,1550,buy
6151365,?,0,京东 会员全品类满减券,62,06-01 02:37,3,rel= nofollow,国内,131,6151365,2016-06-07 00:06:53,false,满100减5、满200减10、满500减30,?,电脑数码,?,65,哈利博博,http://www.smzdm.com/mall/jd/,0,146471985717,0,http://www.smzdm.com/p/6151365/,?,569,https://go.smzdm.com/09733c8e5045a130/ca_aa_yh_163_6151365_569_0_0,28,0,京东,jd.com,http://www.smzdm.com/youhui/,2016-06-01 02:37:00,100,buy
6151248,?,0,SONY 索尼 XBA-C10 初级动铁耳机 白色,287,06-01 01:14,3,rel= nofollow,国内,143,6151248,2016-06-07 00:06:58,false,99元包邮,?,电脑数码,?,20,呃呃啊abc,http://www.smzdm.com/mall/jd/,0,146471485665,0,http://www.smzdm.com/p/6151248/,?,419,https://go.smzdm.com/c053d0a85df3f0bb/ca_aa_yh_163_6151248_419_249_175,124,0,京东,jd.com,http://www.smzdm.com/youhui/,2016-06-01 01:14:00,99,buy
6151233,?,0,优惠券码：京东 3C配件专场,204,06-01 01:06,3,rel= nofollow,国内,157,6151233,2016-06-07 00:06:58,false,满199减100,?,电脑数码,?,31,乔灵儿,http://www.smzdm.com/mall/jd/,0,146471438759,0,http://www.smzdm.com/p/6151233/,?,569,https://go.smzdm.com/e966e8e3bfd818ea/ca_aa_yh_163_6151233_569_0_0,61,0,京东,jd.com,http://www.smzdm.com/youhui/,2016-06-01 01:06:00,199,buy
6151118,?,0,audio-technica 铁三角 ATH-IM03 三单元动铁 入耳式耳机,20,06-01 00:07,3,rel= nofollow,国内,17,6151118,2016-06-07 00:07:04,false,1780元包邮（2280-500）,?,电脑数码,?,24,Shsgsvs,http://www.smzdm.com/mall/jd/,0,146471084402,0,http://www.smzdm.com/p/6151118/,?,135,https://go.smzdm.com/32e59f7f85df6b01/ca_aa_yh_163_6151118_135_1565_175,49,0,京东,jd.com,http://www.smzdm.com/youhui/,2016-06-01 00:07:00,1780,buy
6150615,?,0,优惠券码：京东 微信/手Q 值友专享 全品类 优惠券,61,05-31 23:59,3,?,国内,370,6150615,2016-06-07 00:07:06,false,300-15/240-12/120-6,?,其他分类,?,104,?,http://www.smzdm.com/mall/jd/,0,146471040490,0,http://www.smzdm.com/p/6150615/,?,299,http://duihuan.smzdm.com/quan/183/hot/,36,0,京东,smzdm.com,http://www.smzdm.com/youhui/,2016-05-31 23:59:00,0,buy
6144979,?,0,Parrot ZIK 1.0 主动降噪 头戴式蓝牙耳机,112,05-26 21:10,3,rel= nofollow,国内,129,6144979,2016-06-07 00:08:18,false,749元包邮,?,电脑数码,?,58,老周头,http://www.smzdm.com/mall/amazon_cn/,0,146426820359,0,http://www.smzdm.com/p/6144979/,?,263,https://go.smzdm.com/d3004708640afb7a/ca_aa_yh_163_6144979_263_3903_165,112,0,亚马逊中国,amazon.cn,http://www.smzdm.com/youhui/,2016-05-26 21:10:00,749,dislike
6203987,?,0,移动端：Abbott 雅培 金护婴儿奶粉 3段 624g*2罐,68,06-27 16:27,3,rel= nofollow,跨境,11,6203987,2016-07-03 14:58:30,false,189元，买2免1后,?,母婴用品,?,6,007笑熬浆糊007,http://www.smzdm.com/mall/jd_hk/,0,146701603066,0,http://www.smzdm.com/p/6203987/,?,159,http://go.smzdm.com/766f8139e59175cb/ca_aa_yh_75_6203987_159_237_77,46,0,京东全球购,jd.com,http://www.smzdm.com/kuajing/,2016-06-27 16:27:00,189,dislike
6203962,?,0,CALIFORNIA BABY 加州宝宝 镇静洗发沐浴露 251ml,28,06-27 16:15,3,rel= nofollow,跨境,31,6203962,2016-07-03 14:58:30,false,54元+6.43税费,?,母婴用品,?,6,Coco_Mama,http://www.smzdm.com/mall/bubugao/,0,146701532064,0,http://www.smzdm.com/p/6203962/,?,159,http://go.smzdm.com/6b1597b9d6f831b3/ca_aa_yh_75_6203962_159_5687_85,37,0,云猴全球购,yunhou.com,http://www.smzdm.com/kuajing/,2016-06-27 16:15:00,54,dislike
6203911,?,0,adidas 阿迪达斯 Springblade Drive 2 刀锋战士 女款跑鞋,97,06-27 16:00,3,rel= nofollow,海淘,15,6203911,2016-07-03 14:58:30,false,$72.99（约￥565）,?,运动户外,?,143,leohao,http://www.smzdm.com/mall/6pm/,0,146701440258,0,http://www.smzdm.com/p/6203911/,?,513,http://go.smzdm.com/2cec34b082d2b017/ca_aa_ht_191_6203911_513_729_199,42,0,6PM,6pm.com,http://haitao.smzdm.com/,2016-06-27 16:00:00,565,dislike
6203645,?,0,自由行：广州-新加坡 5天3晚自由行 （往返含税机票+五星级国敦河畔酒店3晚含早）,12,06-27 15:30,3,rel= nofollow,国内,22,6203645,2016-07-03 14:58:32,false,2699元,?,其他分类,?,16,?,http://www.smzdm.com/mall/alitrip/,0,146701266747,0,http://www.smzdm.com/p/6203645/,?,724,https://item.taobao.com/item.htm?id=521920476896,32,0,阿里旅行,alitrip.com,http://www.smzdm.com/youhui/,2016-06-27 15:30:00,2699,dislike
6203714,?,0,凑单品：TAKARA TOMY Tsum Tsum 皮卡丘 叠叠乐,32,06-27 15:00,3,rel= nofollow,海淘,44,6203714,2016-07-03 14:58:32,false,2043日元,?,玩模乐器,?,10,?,http://www.smzdm.com/mall/amazon_jp/,0,146701085736,0,http://www.smzdm.com/p/6203714/,?,746,http://go.smzdm.com/2ad5a8f3ce303092/ca_aa_ht_93_6203714_746_10445_981,53,0,日本亚马逊,amazon.co.jp,http://haitao.smzdm.com/,2016-06-27 15:00:00,2043,buy
6201217,?,0,Haier 海尔 Mr.M 系列 A500-M4 机械键盘 黑轴 幻彩混光版,116,06-25 02:13,3,rel= nofollow,国内,76,6201217,2016-07-03 14:59:10,false,179元包邮,?,电脑数码,?,41,会飞四脚蛇,http://www.smzdm.com/mall/jd/,0,146681766371,0,http://www.smzdm.com/p/6201217/,?,0,http://go.smzdm.com/d5170c3112f7f003/ca_aa_yh_163_6201217_0_269_183,203,0,京东,jd.com,http://www.smzdm.com/youhui/,2016-06-25 02:13:00,179,view
6170711,?,0,Calvin Klein Quilted Leather Hobo 女士真皮单肩包,6,06-12 09:21,3,rel= nofollow,海淘,14,6170711,2016-07-03 15:13:50,false,$101.13（约￥750），可直邮,?,服饰鞋包,?,5,prince,http://www.smzdm.com/mall/amazon/,0,146569449640,0,http://www.smzdm.com/p/6170711/,?,423,http://go.smzdm.com/6a3c8b22010937f2/ca_aa_ht_57_6170711_423_1203_133,30,0,美国亚马逊,amazon.com,http://haitao.smzdm.com/,2016-06-12 09:21:00,750,dislike
6170638,?,0,BRAUN 博朗 9090cc 往复式 电动剃须刀,106,06-12 08:38,3,rel= nofollow,海淘,50,6170638,2016-07-03 15:13:50,false,24339日元（需转运用码、约￥1584）,?,家用电器,?,126,魂燃天城,http://www.smzdm.com/mall/amazon_jp/,0,146569192730,0,http://www.smzdm.com/p/6170638/,?,375,http://go.smzdm.com/99b79a014b4ae1c1/ca_aa_ht_27_6170638_375_419_35,178,0,日本亚马逊,amazon.co.jp,http://haitao.smzdm.com/,2016-06-12 08:38:00,1584,dislike
6170141,?,0,历史新低，移动端：Microsoft 微软 Xbox One 手柄 + PC无线适配器 套装,1172,06-11 16:00,3,rel= nofollow,国内,241,6170141,2016-07-03 15:14:00,false,319元包邮（399-80）,?,电脑数码,?,69,?,http://www.smzdm.com/mall/jd/,0,146563205139,0,http://www.smzdm.com/p/6170141/,?,135,http://go.smzdm.com/03fe431343a74658/ca_aa_yh_163_6170141_135_1461_183,1143,0,京东,jd.com,http://www.smzdm.com/youhui/,2016-06-11 16:00:00,319,buy
6169362,?,0,COTEetCI 哥特斯 R3 MFi认证Lightning数据线 1.2米,143,06-11 00:42,3,rel= nofollow,国内,57,6169362,2016-07-03 15:14:14,false,29元（可199-100，用券后14.7元/根）,?,电脑数码,?,388,Doyel,http://www.smzdm.com/mall/jd/,0,146557696197,0,http://www.smzdm.com/p/6169362/,?,361,http://go.smzdm.com/5c6e2d494752582b/ca_aa_yh_163_6169362_361_0_171,28,0,京东,jd.com,http://www.smzdm.com/youhui/,2016-06-11 00:42:00,29,view
6166308,?,0,移动端：SONY 索尼 h.ear系列 MDR-100AAP 头戴式耳机,147,06-09 00:12,3,rel= nofollow,国内,44,6166308,2016-07-03 15:15:14,false,888元包邮（8点开始）,?,电脑数码,?,54,zouzou,http://www.smzdm.com/mall/jd/,0,146540234488,0,http://www.smzdm.com/p/6166308/,?,569,http://go.smzdm.com/6a10455a8e532bc9/ca_aa_yh_163_6166308_569_249_175,202,0,京东,jd.com,http://www.smzdm.com/youhui/,2016-06-09 00:12:00,888,view
6166597,?,0,MICHAEL KORS Selma 女士真皮手提包,70,06-08 23:01,3,rel= nofollow,跨境,56,6166597,2016-07-03 15:15:14,false,1077.89元含税直邮（双重优惠）,?,服饰鞋包,?,25,湘啵啵,http://www.smzdm.com/mall/kaola/,0,146539810376,0,http://www.smzdm.com/p/6166597/,?,341,http://go.smzdm.com/96cb8ce2c85bf150/ca_aa_yh_57_6166597_341_1973_133,62,0,网易考拉海购,kaola.com,http://www.smzdm.com/kuajing/,2016-06-08 23:01:00,1077.89,dislike
6166539,?,0,优惠活动：6IXTY 8IGHT 新品内裤,58,06-08 22:31,3,rel= nofollow,国内,109,6166539,2016-07-03 15:15:16,false,折扣专区+五件额外7折,?,服饰鞋包,?,54,?,http://www.smzdm.com/mall/tmall/,0,146539627070,0,http://www.smzdm.com/p/6166539/,?,329,https://6ixty8ight.tmall.com/category-1220852098.htm,59,0,天猫精选,tmall.com,http://www.smzdm.com/youhui/,2016-06-08 22:31:00,7,dislike
6166577,?,0,PHILIPS 飞利浦 HX9332/04 声波电动牙刷+健适宝V600冲牙器+飞利浦电吹风,31,06-08 22:28,3,rel= nofollow,国内,14,6166577,2016-07-03 15:15:16,false,1222.2元可用券，低至1122.2元,?,家用电器,?,74,林JA,http://www.smzdm.com/mall/jd/,0,146539608767,0,http://www.smzdm.com/p/6166577/,?,135,http://go.smzdm.com/91db0351ed0638b6/ca_aa_yh_27_6166577_135_273_35,47,0,京东,jd.com,http://www.smzdm.com/youhui/,2016-06-08 22:28:00,1222.2,dislike
6165885,?,0,移动端、16点：SONY 索尼  SRS-X77 蓝牙音箱,656,06-08 15:56,3,rel= nofollow,国内,52,6165885,2016-07-03 15:15:28,false,999元包邮,?,电脑数码,?,93,?,http://www.smzdm.com/mall/jd/,0,146537259541,0,http://www.smzdm.com/p/6165885/,?,731,http://go.smzdm.com/372eeb623cd86bec/ca_aa_yh_163_6165885_731_249_175,273,0,京东,jd.com,http://www.smzdm.com/youhui/,2016-06-08 15:56:00,999,view
6164876,?,0,westone 威士顿 UM PRO 30 入耳式动铁耳机( 黑色),59,06-08 08:55,3,rel= nofollow,国内,18,6164876,2016-07-03 15:15:48,false,1599元,?,电脑数码,?,12,肉肉大丸子,http://www.smzdm.com/mall/amazon_cn/,0,146534732640,0,http://www.smzdm.com/p/6164876/,?,491,http://go.smzdm.com/5ea0692239efb23b/ca_aa_yh_163_6164876_491_5661_175,313,0,亚马逊中国,amazon.cn,http://www.smzdm.com/youhui/,2016-06-08 08:55:00,1599,buy
6163212,?,0,SONY 索尼 MDR-EX1000 16mm动圈 耳塞式耳机,259,06-07 12:43,3,rel= nofollow,售罄,69,6163212,2016-07-03 15:16:14,true,1899元（需用券，2399-500）,?,电脑数码,?,26,天云4695,http://www.smzdm.com/mall/jd/,0,146527462384,1,http://www.smzdm.com/p/6163212/,?,491,http://go.smzdm.com/45d48b791ddc04a4/ca_aa_yh_163_6163212_491_249_175,604,0,京东,jd.com,http://www.smzdm.com/youhui/,2016-06-07 12:43:00,1899,view
6162724,?,0,SONY 索尼  SRS-X77 蓝牙音箱,568,06-07 09:05,3,rel= nofollow,国内,69,6162724,2016-07-03 15:16:24,false,999元包邮,?,电脑数码,?,50,赛琳娜,http://www.smzdm.com/mall/jd/,0,146526155975,0,http://www.smzdm.com/p/6162724/,?,731,http://go.smzdm.com/372eeb623cd86bec/ca_aa_yh_163_6162724_731_249_175,354,0,京东,jd.com,http://www.smzdm.com/youhui/,2016-06-07 09:05:00,999,buy
6158599,?,1,手慢无：Sony 索尼 SRS-X77/BC 蓝牙音箱,299,06-07 00:15,3,rel= nofollow,过期,54,6158599,2016-07-03 15:16:32,true,949元包邮,?,电脑数码,?,112,?,http://www.smzdm.com/mall/amazon_cn/,0,146522972792,0,http://www.smzdm.com/p/6158599/,?,17,http://go.smzdm.com/8b4df5b1e72e8294/ca_aa_yh_163_6158599_17_249_175,175,0,亚马逊中国,amazon.cn,http://www.smzdm.com/youhui/,2016-06-07 00:15:00,949,buy
6142140,?,0,移动端：香楠 玉米豆沙粽 真空包装方便速食 100g*1 个,135,05-25 08:44,3,rel= nofollow,国内,28,6142140,2016-07-03 15:21:46,false,1元，不限购,?,食品保健,?,142,各种会员名,http://www.smzdm.com/mall/jd/,0,146413706415,0,http://www.smzdm.com/p/6142140/,?,521,http://go.smzdm.com/0d0bd420f30e8290/ca_aa_yh_95_6142140_521_0_4887,23,0,京东,jd.com,http://www.smzdm.com/youhui/,2016-05-25 08:44:00,1,buy
6141149,?,0,移动端，优惠券：京东 移动端全品类,52,05-24 13:52,3,rel= nofollow,国内,148,6141149,2016-07-03 15:21:56,false,满200减10免费领,?,电脑数码,?,248,被PPTV搞死了,http://www.smzdm.com/mall/jd/,0,146406995701,0,http://www.smzdm.com/p/6141149/,?,747,http://go.smzdm.com/bccaff6aeb6fac33/ca_aa_yh_163_6141149_747_0_0,19,0,京东,jd.com,http://www.smzdm.com/youhui/,2016-05-24 13:52:00,200,buy
6139954,?,0,优惠券：微信分享 得京东全品类券,95,05-23 17:18,3,rel= nofollow,国内,171,6139954,2016-07-03 15:22:12,false,满100减5，满200减15,?,电脑数码,?,258,keepsmile丶,http://www.smzdm.com/mall/jd/,0,146399512454,0,http://www.smzdm.com/p/6139954/,?,495,http://go.smzdm.com/e8c98d88d45bbdf6/ca_aa_yh_163_6139954_495_0_0,21,0,京东,jd.com,http://www.smzdm.com/youhui/,2016-05-23 17:18:00,100,buy
6138768,?,0,优惠券：网络产品及数码品类券，京东钱包优惠券，白条券,396,05-23 01:46,3,rel= nofollow,国内,1321,6138768,2016-07-03 15:22:24,false,满100减61.8，满500减100，满1000减200,?,电脑数码,?,133,?,http://www.smzdm.com/mall/jd/,0,146393921513,0,http://www.smzdm.com/p/6138768/,?,495,http://go.smzdm.com/3b88a095d50ce6b0/ca_aa_yh_163_6138768_495_0_171,225,0,京东,jd.com,http://www.smzdm.com/youhui/,2016-05-23 01:46:00,100,buy
6138764,?,0,优惠券：京东 全品类,121,05-23 01:18,3,rel= nofollow,国内,465,6138764,2016-07-03 15:22:26,false,满100减5/200减10/500减30免费领,?,家用电器,?,66,陌上花开-ainy,http://www.smzdm.com/mall/jd/,0,146393750310,0,http://www.smzdm.com/p/6138764/,?,17,http://go.smzdm.com/5ef38f5399eac0bd/ca_aa_yh_27_6138764_17_0_0,233,0,京东,jd.com,http://www.smzdm.com/youhui/,2016-05-23 01:18:00,100,buy
6083463,?,0,优惠券：京东 自营键鼠外设,229,05-23 00:09,3,rel= nofollow,国内,258,6083463,2016-07-03 15:22:26,false,满199减40，满599减120免费领,?,电脑数码,?,46,?,http://www.smzdm.com/mall/jd/,0,146393339997,0,http://www.smzdm.com/p/6083463/,?,495,http://go.smzdm.com/58b0f94d38e27737/ca_aa_yh_163_6083463_495_0_183,146,0,京东,jd.com,http://www.smzdm.com/youhui/,2016-05-23 00:09:00,199,buy
6134654,?,0,优惠券：京东 会员全品类东券 分级别领取,302,05-19 12:50,3,rel= nofollow,国内,421,6134654,2016-07-03 15:23:13,false,399-30/599-40/699-50券,?,家用电器,?,196,?,http://www.smzdm.com/mall/jd/,0,146363342140,0,http://www.smzdm.com/p/6134654/,?,135,http://go.smzdm.com/4d575f143423e860/ca_aa_yh_27_6134654_135_0_0,103,0,京东,jd.com,http://www.smzdm.com/youhui/,2016-05-19 12:50:00,0,buy
6133833,?,0,NISSIN 出前一丁 方便面 沙爹味 100g*5包*4件,114,05-18 18:39,3,rel= nofollow,国内,44,6133833,2016-07-03 15:23:20,false,42元（双重优惠）,?,食品保健,?,147,随便看看,http://www.smzdm.com/mall/jd/,0,146356819439,0,http://www.smzdm.com/p/6133833/,?,717,http://go.smzdm.com/e7f2b92e07edb2b5/ca_aa_yh_95_6133833_717_5109_105,57,0,京东,jd.com,http://www.smzdm.com/youhui/,2016-05-18 18:39:00,42,buy
6129613,?,0,flexi 福莱希 宠物伸缩牵引带 XS 3米绳 8kg,98,05-16 14:22,3,rel= nofollow,国内,77,6129613,2016-07-03 15:24:04,false,49元包邮,?,日用百货,?,26,glove20,http://www.smzdm.com/mall/tmall/,0,146337976702,0,http://www.smzdm.com/p/6129613/,?,711,http://detail.tmall.com/item.htm?id=44108569080,43,0,天猫精选,tmall.com,http://www.smzdm.com/youhui/,2016-05-16 14:22:00,49,buy
6129090,?,0,Sennheiser 森海塞尔 HD 598SE Amazon特别版 开放式高保真HIFI耳机 黑色,493,05-16 10:12,3,rel= nofollow,国内,158,6129090,2016-07-03 15:24:10,false,699元包邮,?,电脑数码,?,40,老周头,http://www.smzdm.com/mall/amazon_cn/,0,146336477033,0,http://www.smzdm.com/p/6129090/,?,419,http://go.smzdm.com/7155d28a024c46c5/ca_aa_yh_163_6129090_419_1561_175,456,0,亚马逊中国,amazon.cn,http://www.smzdm.com/youhui/,2016-05-16 10:12:00,699,buy
6128498,?,0,新补货：Waterpulse 健适宝 V300 优越型冲牙器,73,05-15 14:35,3,rel= nofollow,国内,119,6128498,2016-07-03 15:24:22,false,129.5元包邮（下单5折后）,?,家用电器,?,34,粪海狂蛆,http://www.smzdm.com/mall/amazon_cn/,0,146329411714,0,http://www.smzdm.com/p/6128498/,?,495,http://go.smzdm.com/3b0619ebeec4dfd3/ca_aa_yh_27_6128498_495_26693_35,25,0,亚马逊中国,amazon.cn,http://www.smzdm.com/youhui/,2016-05-15 14:35:00,129.5,buy
